Nombre_Empleado,Apellido_Empleado,Sucursal,Cumplimiento ,Efectividad,Tareas Alto,Tareas Medio,Tareas Bajo
LIAM,SMITH,002,18.20,0.15,0.85,0.06,0.09
NOAH,JOHNSON,005,31.75,0.07,0.57,0,0.43
OLIVER,WILLIAMS,005,39.71,0.14,0.65,0.11,0.24
ELIJAH,BROWN,003,23.23,0.06,0.57,0,0.43
WILLIAM,JONES,004,5.41,0.19,0.55,0.11,0.34
JAMES,GARCIA,003,23.47,0.13,0.27,0.23,0.49
BENJAMIN,MILLER,002,36.04,0.17,0.62,0.07,0.31
LUCAS,DAVIS,005,17.69,0.13,0.78,0.08,0.13
HENRY,RODRIGUEZ,003,20.83,0.05,0.87,0.07,0.07
ALEXANDER,MARTINEZ,002,26.04,0.16,0.83,0.06,0.11
MASON,HERNANDEZ,006,31.95,0.02,0.91,0,0.09
MICHAEL,LOPEZ,006,23.28,0.14,0.54,0.11,0.35
ETHAN,GONZALES,006,31.71,0.14,0.77,0.05,0.18
DANIEL,WILSON,006,30.81,0.02,0.57,0,0.43
JACOB,ANDERSON,005,24.61,0.16,0.86,0.06,0.09
LOGAN,THOMAS,002,30.55,0.07,0.83,0.06,0.11
JACKSON,TAYLOR,001,22.98,0.07,0.66,0.17,0.17
LEVI,MOORE,006,6.89,0.03,0.67,0,0.33
SEBASTIAN,JACKSON,006,15.96,0.17,0.62,0.07,0.31
MATEO,MARTIN,001,34.65,0.09,0.73,0,0.27
JACK,LEE,005,32.49,0.12,0.66,0.17,0.17
OWEN,PEREZ,004,20.05,0.08,0.62,0.07,0.31
THEODORE,THOMPSON,005,30.08,0.03,0.91,0,0.09
AIDEN,WHITE,005,18.81,0.01,0.55,0.11,0.34
SAMUEL,HARRIS,005,25.26,0.18,0.27,0.23,0.49
JOSEPH,SANCHEZ,005,26.99,0.11,0.84,0.08,0.08
JOHN,CLARK,005,41.62,0.01,0.66,0.17,0.17
DAVID,RAMIREZ,002,18.37,0.02,0.77,0.05,0.18
WYATT,LEWIS,002,6.61,0.02,0.55,0.11,0.34
MATTHEW,ROBINSON,001,24.99,0.15,0.62,0.07,0.31
LUKE,WALKER,004,32.08,0.2,0.66,0.17,0.17
ASHER,YOUNG,003,29.79,0.13,0.73,0.09,0.19
CARTER,ALLEN,003,33.33,0.07,0.62,0.11,0.27
JULIAN,KING,001,26.13,0.02,0.27,0.23,0.49
GRAYSON,WRIGHT,004,22.44,0.04,0.64,0.16,0.21
LEO,SCOTT,004,35.82,0,0.86,0.06,0.09
JAYDEN,TORRES,005,27.31,0.07,0.67,0,0.33
GABRIEL,NGUYEN,006,26.92,0.05,0.65,0.11,0.24
ISAAC,HILL,005,18.66,0.05,0.62,0.07,0.31
LINCOLN,FLORES,004,29.29,0.14,0.66,0.17,0.17
ANTHONY,GREEN,004,27.05,0.19,0.64,0.16,0.21
HUDSON,ADAMS,002,31.83,0.06,0.86,0.06,0.09
DYLAN,NELSON,004,29.30,0.14,0.27,0.23,0.49
EZRA,BAKER,003,7.83,0.18,0.77,0.05,0.18
THOMAS,HALL,003,29.16,0.15,0.78,0.08,0.13
CHARLES,RIVERA,001,27.77,0.15,0.86,0.06,0.09
CHRISTOPHER,CAMPBELL,001,31.77,0.17,0.64,0.1,0.26
JAXON,MITCHELL,001,25.37,0.17,0.91,0,0.09
MAVERICK,CARTER,006,19.55,0.2,0.62,0.11,0.27
JOSIAH,ROBERTS,003,17.42,0.06,0.27,0.23,0.49
ISAIAH,GOMEZ,001,21.15,0.17,0.84,0.08,0.08
ANDREW,PHILLIPS,004,32.31,0.13,0.91,0,0.09
ELIAS,EVANS,005,28.51,0.08,0.78,0.08,0.13
JOSHUA,TURNER,005,30.86,0.09,0.87,0.07,0.07
NATHAN,DIAZ,006,29.07,0,0.57,0,0.43
CALEB,PARKER,003,21.55,0.06,0.9,0.1,0.00
RYAN,CRUZ,006,32.92,0.07,0.57,0,0.43
ADRIAN,EDWARDS,003,29.46,0.18,0.91,0,0.09
MILES,COLLINS,006,27.74,0.18,0.54,0.11,0.35
ELI,REYES,001,29.23,0.04,0.66,0.17,0.17
NOLAN,STEWART,005,29.53,0.04,0.67,0,0.33
CHRISTIAN,MORRIS,003,17.10,0.06,0.62,0.07,0.31
AARON,MORALES,004,18.07,0.14,0.77,0.05,0.18
CAMERON,MURPHY,004,29.62,0.11,0.78,0.08,0.13
EZEKIEL,COOK,006,31.10,0.15,0.83,0.06,0.11
COLTON,ROGERS,004,25.60,0,0.66,0.17,0.17
LUCA,GUTIERREZ,004,40.84,0.2,0.84,0.08,0.08
LANDON,ORTIZ,002,22.60,0.05,0.77,0.05,0.18
HUNTER,MORGAN,003,25.57,0.2,0.83,0.06,0.11
JONATHAN,COOPER,004,24.01,0.11,0.66,0.17,0.17
SANTIAGO,PETERSON,005,28.45,0.17,0.84,0.08,0.08
AXEL,BAILEY,002,15.54,0.05,0.77,0.05,0.18
EASTON,REED,005,35.77,0.19,0.62,0.11,0.27
COOPER,KELLY,003,29.09,0.16,0.86,0.06,0.09
JEREMIAH,HOWARD,003,30.44,0.09,0.57,0,0.43
ANGEL,RAMOS,002,35.48,0.01,0.65,0.11,0.24
ROMAN,KIM,005,35.27,0.06,0.57,0,0.43
CONNOR,COX,003,38.19,0.08,0.55,0.11,0.34
JAMESON,WARD,003,31.09,0.08,0.27,0.23,0.49
ROBERT,RICHARDSON,005,24.38,0.04,0.62,0.07,0.31
GREYSON,WATSON,003,15.15,0.16,0.78,0.08,0.13
JORDAN,BROOKS,002,22.46,0.2,0.87,0.07,0.07
IAN,CHAVEZ,002,36.47,0.11,0.83,0.06,0.11
CARSON,WOOD,003,24.63,0.12,0.91,0,0.09
JAXSON,JAMES,003,25.79,0.09,0.54,0.11,0.35
LEONARDO,BENNET,002,4.88,0,0.77,0.05,0.18
NICHOLAS,GRAY,005,21.44,0.04,0.57,0,0.43
DOMINIC,MENDOZA,003,26.44,0.1,0.86,0.06,0.09
AUSTIN,RUIZ,006,35.93,0.12,0.83,0.06,0.11
EVERETT,HUGHES,001,34.82,0.18,0.66,0.17,0.17
BROOKS,PRICE,001,6.01,0.11,0.67,0,0.33
XAVIER,ALVAREZ,003,31.23,0.07,0.62,0.07,0.31
KAI,CASTILLO,005,30.52,0.2,0.73,0,0.27
JOSE,SANDERS,002,35.02,0.16,0.66,0.17,0.17
PARKER,PATEL,004,29.38,0.15,0.62,0.07,0.31
ADAM,MYERS,005,31.87,0.03,0.91,0,0.09
JACE,LONG,001,37.00,0.19,0.55,0.11,0.34
WESLEY,ROSS,006,29.55,0.12,0.27,0.23,0.49
KAYDEN,FOSTER,001,28.80,0.14,0.84,0.08,0.08
SILAS,JIMENEZ,006,29.32,0.12,0.66,0.17,0.17
BENNETT,SMITH,003,5.83,0.18,0.77,0.05,0.18
DECLAN,JOHNSON,003,23.10,0.06,0.55,0.11,0.34
WAYLON,WILLIAMS,003,25.39,0.01,0.62,0.07,0.31
WESTON,BROWN,002,28.02,0.06,0.66,0.17,0.17
EVAN,JONES,002,28.93,0.09,0.73,0.09,0.19
EMMETT,GARCIA,005,28.73,0.06,0.62,0.11,0.27
MICAH,MILLER,002,29.14,0.1,0.27,0.23,0.49
RYDER,DAVIS,002,7.25,0.18,0.64,0.16,0.21
BEAU,RODRIGUEZ,004,21.11,0.09,0.86,0.06,0.09
DAMIAN,MARTINEZ,001,23.02,0.02,0.67,0,0.33
BRAYDEN,HERNANDEZ,003,26.32,0.19,0.65,0.11,0.24
GAEL,LOPEZ,005,5.28,0.15,0.62,0.07,0.31
ROWAN,GONZALES,004,24.69,0.2,0.66,0.17,0.17
HARRISON,WILSON,002,29.90,0.16,0.64,0.16,0.21
BRYSON,ANDERSON,006,6.53,0,0.86,0.06,0.09
SAWYER,THOMAS,003,20.78,0.19,0.27,0.23,0.49
AMIR,TAYLOR,003,23.32,0.2,0.77,0.05,0.18
KINGSTON,MOORE,006,4.73,0.08,0.78,0.08,0.13
JASON,JACKSON,006,31.72,0.01,0.86,0.06,0.09
GIOVANNI,MARTIN,004,25.17,0.14,0.64,0.1,0.26
VINCENT,LEE,003,35.65,0.02,0.91,0,0.09
AYDEN,PEREZ,002,25.48,0,0.62,0.11,0.27
CHASE,THOMPSON,004,17.39,0.07,0.27,0.23,0.49
MYLES,WHITE,005,28.22,0.15,0.84,0.08,0.08
DIEGO,HARRIS,004,24.14,0.13,0.91,0,0.09
NATHANIEL,SANCHEZ,002,19.15,0.04,0.78,0.08,0.13
LEGEND,CLARK,001,31.35,0.14,0.87,0.07,0.07
JONAH,RAMIREZ,003,23.73,0.17,0.57,0,0.43
RIVER,LEWIS,006,27.49,0.04,0.9,0.1,0.00
TYLER,ROBINSON,001,26.16,0,0.57,0,0.43
COLE,WALKER,006,27.65,0.13,0.91,0,0.09
BRAXTON,YOUNG,003,6.66,0.06,0.54,0.11,0.35
GEORGE,ALLEN,004,24.15,0.11,0.66,0.17,0.17
MILO,KING,005,22.63,0.19,0.67,0,0.33
ZACHARY,WRIGHT,001,31.14,0.07,0.62,0.07,0.31
ASHTON,SCOTT,006,17.78,0,0.77,0.05,0.18
LUIS,TORRES,001,24.93,0.03,0.78,0.08,0.13
JASPER,NGUYEN,003,30.17,0.12,0.83,0.06,0.11
KAIDEN,HILL,005,36.64,0.05,0.66,0.17,0.17
ADRIEL,FLORES,005,30.15,0.2,0.84,0.08,0.08
GAVIN,GREEN,004,29.84,0.16,0.77,0.05,0.18
BENTLEY,ADAMS,004,6.24,0.18,0.83,0.06,0.11
CALVIN,NELSON,003,25.87,0.12,0.66,0.17,0.17
ZION,BAKER,006,25.04,0.17,0.84,0.08,0.08
JUAN,HALL,001,21.91,0.19,0.77,0.05,0.18
MAXWELL,RIVERA,006,30.90,0.16,0.62,0.11,0.27
MAX,CAMPBELL,005,20.68,0.08,0.86,0.06,0.09
RYKER,MITCHELL,003,22.20,0.16,0.57,0,0.43
CARLOS,CARTER,002,27.79,0.11,0.65,0.11,0.24
EMMANUEL,ROBERTS,003,35.08,0.1,0.57,0,0.43
JAYCE,GOMEZ,005,4.97,0.13,0.55,0.11,0.34
LORENZO,PHILLIPS,001,26.76,0.18,0.27,0.23,0.49
IVAN,EVANS,001,26.69,0.08,0.62,0.07,0.31
JUDE,TURNER,003,29.17,0.19,0.78,0.08,0.13
AUGUST,DIAZ,006,23.79,0.12,0.87,0.07,0.07
KEVIN,PARKER,004,35.27,0.12,0.83,0.06,0.11
MALACHI,CRUZ,001,33.75,0.15,0.91,0,0.09
ELLIOTT,EDWARDS,003,26.13,0.14,0.54,0.11,0.35
RHETT,COLLINS,006,37.28,0.07,0.77,0.05,0.18
ARCHER,REYES,004,37.60,0,0.57,0,0.43
KARTER,STEWART,006,19.71,0.14,0.86,0.06,0.09
ARTHUR,MORRIS,006,7.50,0.02,0.83,0.06,0.11
LUKA,MORALES,005,17.76,0,0.66,0.17,0.17
ELLIOT,MURPHY,002,31.25,0.11,0.67,0,0.33
THIAGO,COOK,005,26.36,0.06,0.62,0.07,0.31
BRANDON,ROGERS,003,36.09,0.09,0.73,0,0.27
CAMDEN,GUTIERREZ,003,25.15,0.03,0.66,0.17,0.17
JUSTIN,ORTIZ,005,23.20,0.04,0.62,0.07,0.31
JESUS,MORGAN,006,24.33,0.05,0.91,0,0.09
MADDOX,COOPER,006,29.50,0.03,0.55,0.11,0.34
KING,PETERSON,005,32.57,0.15,0.77,0.05,0.18
THEO,BAILEY,003,29.45,0.17,0.55,0.11,0.34
ENZO,REED,003,37.44,0.01,0.62,0.07,0.31
MATTEO,KELLY,002,3.42,0.2,0.66,0.17,0.17
EMILIANO,HOWARD,004,25.53,0.18,0.73,0.09,0.19
DEAN,RAMOS,001,19.16,0.05,0.62,0.11,0.27
HAYDEN,KIM,004,22.78,0.03,0.27,0.23,0.49
FINN,COX,005,29.29,0.06,0.64,0.16,0.21
BRODY,WARD,005,30.84,0.05,0.86,0.06,0.09
ANTONIO,RICHARDSON,002,35.18,0.18,0.67,0,0.33
ABEL,WATSON,002,35.94,0.11,0.65,0.11,0.24
ALEX,BROOKS,004,24.21,0,0.62,0.07,0.31
TRISTAN,CHAVEZ,002,25.53,0.1,0.66,0.17,0.17
GRAHAM,WOOD,004,30.13,0.2,0.64,0.16,0.21
ZAYDEN,JAMES,001,23.08,0,0.86,0.06,0.09
JUDAH,BENNET,006,23.16,0.05,0.27,0.23,0.49
XANDER,GRAY,006,22.46,0,0.77,0.05,0.18
MIGUEL,MENDOZA,005,32.66,0.07,0.78,0.08,0.13
ATLAS,RUIZ,005,29.12,0.11,0.86,0.06,0.09
MESSIAH,HUGHES,004,19.30,0.08,0.64,0.1,0.26
BARRETT,PRICE,006,27.71,0.08,0.91,0,0.09
TUCKER,ALVAREZ,003,32.02,0.17,0.62,0.11,0.27
TIMOTHY,CASTILLO,005,37.93,0.11,0.27,0.23,0.49
ALAN,SANDERS,002,16.27,0.13,0.84,0.08,0.08
EDWARD,PATEL,004,18.41,0.18,0.91,0,0.09
LEON,MYERS,001,15.96,0.15,0.78,0.08,0.13
DAWSON,LONG,006,31.08,0.11,0.87,0.07,0.07
ERIC,ROSS,004,24.38,0.04,0.57,0,0.43
ACE,FOSTER,006,28.33,0.12,0.9,0.1,0.00
VICTOR,JIMENEZ,006,23.14,0.2,0.57,0,0.43
ABRAHAM,SMITH,001,31.77,0.15,0.91,0,0.09
NICOLAS,JOHNSON,004,30.56,0.14,0.54,0.11,0.35
JESSE,WILLIAMS,004,28.62,0.09,0.66,0.17,0.17
CHARLIE,BROWN,002,30.67,0.18,0.67,0,0.33
PATRICK,JONES,005,28.64,0.12,0.62,0.07,0.31
WALKER,GARCIA,006,10.19,0.02,0.77,0.05,0.18
JOEL,MILLER,004,27.60,0.11,0.78,0.08,0.13
RICHARD,DAVIS,003,25.74,0.16,0.83,0.06,0.11
BECKETT,RODRIGUEZ,006,21.63,0.04,0.66,0.17,0.17
BLAKE,MARTINEZ,006,34.48,0.06,0.84,0.08,0.08
ALEJANDRO,HERNANDEZ,006,21.60,0.12,0.77,0.05,0.18
AVERY,LOPEZ,003,30.13,0.09,0.83,0.06,0.11
GRANT,GONZALES,003,34.31,0.18,0.66,0.17,0.17
PETER,WILSON,003,37.86,0.09,0.84,0.08,0.08
OSCAR,ANDERSON,004,11.89,0.08,0.77,0.05,0.18
MATIAS,THOMAS,001,27.88,0.05,0.62,0.11,0.27
AMARI,TAYLOR,005,26.73,0.15,0.73,0.09,0.19
LUKAS,MOORE,003,32.49,0.18,0,0,1.00
ANDRES,JACKSON,005,33.11,0.08,0.62,0.11,0.27
ARLO,MARTIN,003,21.18,0.17,0.83,0.06,0.11
COLT,LEE,001,30.33,0.14,0.86,0.06,0.09
ADONIS,PEREZ,004,17.79,0.19,0.66,0.17,0.17
KYRIE,THOMPSON,005,4.23,0.05,0.54,0.15,0.32
STEVEN,WHITE,006,30.43,0.08,0.65,0.11,0.24
FELIX,HARRIS,003,20.61,0.17,0.67,0,0.33
PRESTON,SANCHEZ,005,30.61,0,0.5,0.13,0.37
MARCUS,CLARK,004,20.17,0.16,0.64,0.1,0.26
HOLDEN,RAMIREZ,004,33.38,0.03,0.84,0.08,0.08
EMILIO,LEWIS,002,25.20,0.09,0.91,0,0.09
REMINGTON,ROBINSON,003,37.20,0.03,0.77,0.05,0.18
JEREMY,WALKER,001,21.83,0.09,0.54,0.11,0.35
KALEB,YOUNG,006,23.73,0.07,0.57,0,0.43
BRANTLEY,ALLEN,006,25.93,0.03,0.55,0.11,0.34
BRYCE,KING,006,28.42,0.19,0.9,0.1,0.00
MARK,WRIGHT,005,7.09,0.11,0.58,0.17,0.25
KNOX,SCOTT,001,34.00,0.16,0.66,0.13,0.21
ISRAEL,TORRES,001,6.03,0.02,0.64,0.16,0.21
PHOENIX,NGUYEN,002,27.42,0.08,0.73,0,0.27
KOBE,HILL,004,25.80,0.08,0.69,0.2,0.11
NASH,FLORES,001,26.32,0.03,0.73,0.09,0.19
GRIFFIN,GREEN,006,30.48,0.1,0,0,1.00
CADEN,ADAMS,001,23.55,0,0.62,0.11,0.27
KENNETH,NELSON,003,6.54,0.05,0.86,0.06,0.09
KYLER,BAKER,005,26.69,0.18,0.27,0.23,0.49
HAYES,HALL,003,30.61,0.15,0.66,0.17,0.17
JAX,RIVERA,006,26.92,0.15,0.54,0.15,0.32
RAFAEL,CAMPBELL,001,5.15,0.05,0.65,0.11,0.24
BECKHAM,MITCHELL,003,21.62,0.18,0.67,0,0.33
JAVIER,CARTER,001,24.88,0.19,0.5,0.13,0.37
MAXIMUS,ROBERTS,001,26.05,0.1,0.64,0.1,0.26
SIMON,GOMEZ,006,39.66,0.04,0.62,0.07,0.31
PAUL,PHILLIPS,003,30.56,0.1,0.84,0.08,0.08
OMAR,EVANS,003,7.18,0.17,0.77,0.05,0.18
KADEN,TURNER,001,24.49,0,0.78,0.08,0.13
KASH,DIAZ,004,33.58,0.1,0.57,0,0.43
LANE,PARKER,005,17.26,0.1,0.55,0.11,0.34
BRYAN,CRUZ,005,32.61,0.16,0.9,0.1,0.00
RILEY,EDWARDS,005,26.82,0.03,0.58,0.17,0.25
ZANE,COLLINS,003,33.15,0.13,0.83,0.06,0.11
LOUIS,REYES,006,32.03,0.04,0.86,0.06,0.09
AIDAN,STEWART,006,25.05,0.12,0.27,0.23,0.49
PAXTON,MORRIS,004,34.75,0.11,0.66,0.17,0.17
MAXIMILIANO,MORALES,003,35.85,0.1,0.54,0.15,0.32
KARSON,MURPHY,004,38.23,0,0.65,0.11,0.24
CASH,COOK,001,15.79,0.04,0.67,0,0.33
CAYDEN,ROGERS,003,31.98,0.17,0.5,0.13,0.37
EMERSON,GUTIERREZ,003,27.56,0.17,0.64,0.1,0.26
TOBIAS,ORTIZ,004,4.66,0.15,0.62,0.07,0.31
RONAN,MORGAN,003,37.97,0.1,0.84,0.08,0.08
BRIAN,COOPER,001,26.45,0.09,0.91,0,0.09
DALLAS,PETERSON,005,24.94,0.02,0.54,0.11,0.35
BRADLEY,BAILEY,003,16.90,0.06,0.78,0.08,0.13
JORGE,REED,003,22.51,0.18,0.55,0.11,0.34
WALTER,KELLY,005,33.18,0.15,0.9,0.1,0.00
JOSUE,HOWARD,005,6.47,0.13,0.58,0.17,0.25
KHALIL,RAMOS,003,34.32,0.15,0.66,0.13,0.21
DAMIEN,KIM,003,31.22,0.06,0.64,0.16,0.21
JETT,COX,001,22.20,0.14,0.87,0.07,0.07
KAIRO,WARD,006,32.07,0.2,0.73,0,0.27
ZANDER,RICHARDSON,003,22.84,0.13,0.69,0.2,0.11
ANDRE,WATSON,004,40.14,0.12,0.73,0.09,0.19
COHEN,BROOKS,002,28.51,0.08,0,0,1.00
CREW,CHAVEZ,003,26.79,0.12,0.62,0.11,0.27
HENDRIX,WOOD,005,18.78,0.19,0.83,0.06,0.11
COLIN,JAMES,001,34.74,0.01,0.27,0.23,0.49
CHANCE,BENNET,001,23.75,0.01,0.66,0.17,0.17
MALAKAI,GRAY,003,18.30,0.09,0.54,0.15,0.32
CLAYTON,MENDOZA,006,22.40,0.05,0.65,0.11,0.24
DAXTON,RUIZ,004,27.78,0.16,0.67,0,0.33
MALCOLM,HUGHES,004,29.50,0.02,0.5,0.13,0.37
LENNOX,PRICE,005,38.69,0.01,0.64,0.1,0.26
MARTIN,ALVAREZ,002,28.26,0.02,0.62,0.07,0.31
JADEN,CASTILLO,003,26.25,0.1,0.84,0.08,0.08
KAYSON,SANDERS,006,24.35,0.05,0.91,0,0.09
BODHI,PATEL,002,29.44,0.07,0.77,0.05,0.18
FRANCISCO,MYERS,005,20.40,0.15,0.54,0.11,0.35
CODY,LONG,003,24.36,0.16,0.78,0.08,0.13
ERICK,ROSS,005,22.39,0.06,0.57,0,0.43
KAMERON,FOSTER,005,35.31,0.33,0.55,0.11,0.34
ATTICUS,JIMENEZ,003,29.91,0.25,0.9,0.1,0.00
DANTE,SMITH,006,22.62,0.33,0.58,0.17,0.25
JENSEN,JOHNSON,006,24.36,0.27,0.66,0.13,0.21
CRUZ,WILLIAMS,004,28.81,0.22,0.64,0.16,0.21
FINLEY,BROWN,002,40.08,0.32,0.87,0.07,0.07
BRADY,JONES,005,24.60,0.2,0.73,0,0.27
JOAQUIN,GARCIA,004,30.98,0.32,0.69,0.2,0.11
ANDERSON,MILLER,005,19.22,0.22,0.73,0.09,0.19
GUNNER,DAVIS,004,29.58,0.33,0,0,1.00
MUHAMMAD,RODRIGUEZ,002,26.74,0.25,0.62,0.11,0.27
ZAYN,MARTINEZ,001,25.80,0.34,0.86,0.06,0.09
DEREK,HERNANDEZ,005,22.61,0.28,0.27,0.23,0.49
RAYMOND,LOPEZ,004,7.29,0.28,0.54,0.15,0.32
KYLE,GONZALES,006,29.47,0.31,0.65,0.11,0.24
ANGELO,WILSON,003,25.84,0.21,0.5,0.13,0.37
REID,ANDERSON,001,31.60,0.28,0.64,0.1,0.26
SPENCER,THOMAS,001,24.78,0.28,0.84,0.08,0.08
NICO,TAYLOR,001,20.06,0.2,0.91,0,0.09
JAYLEN,MOORE,004,31.71,0.35,0.77,0.05,0.18
JAKE,JACKSON,001,31.84,0.32,0.54,0.11,0.35
PRINCE,MARTIN,006,34.76,0.23,0.78,0.08,0.13
MANUEL,LEE,004,29.06,0.28,0.57,0,0.43
ALI,PEREZ,006,29.62,0.2,0.55,0.11,0.34
GIDEON,THOMPSON,002,32.55,0.31,0.9,0.1,0.00
STEPHEN,WHITE,001,28.75,0.27,0.58,0.17,0.25
ELLIS,HARRIS,001,31.52,0.24,0.66,0.13,0.21
ORION,SANCHEZ,004,38.37,0.29,0.64,0.16,0.21
RYLAN,CLARK,003,33.50,0.26,0.87,0.07,0.07
EDUARDO,RAMIREZ,005,37.73,0.3,0.69,0.2,0.11
MARIO,LEWIS,006,4.03,0.22,0.73,0.09,0.19
RORY,ROBINSON,001,6.01,0.24,0,0,1.00
CRISTIAN,WALKER,002,25.64,0.35,0.62,0.11,0.27
ODIN,YOUNG,002,33.53,0.27,0.83,0.06,0.11
TANNER,ALLEN,004,23.26,0.25,0.86,0.06,0.09
JULIUS,KING,001,27.00,0.35,0.27,0.23,0.49
CALLUM,WRIGHT,006,32.16,0.33,0.66,0.17,0.17
SEAN,SCOTT,003,29.51,0.2,0.54,0.15,0.32
KANE,TORRES,005,30.62,0.21,0.65,0.11,0.24
RICARDO,NGUYEN,005,18.58,0.33,0.67,0,0.33
TRAVIS,HILL,005,36.91,0.33,0.5,0.13,0.37
WADE,FLORES,003,31.05,0.31,0.64,0.1,0.26
WARREN,GREEN,001,27.19,0.29,0.62,0.07,0.31
FERNANDO,ADAMS,006,40.46,0.29,0.84,0.08,0.08
TITUS,NELSON,002,23.50,0.32,0.91,0,0.09
LEONEL,BAKER,003,26.70,0.21,0.77,0.05,0.18
EDWIN,HALL,001,29.08,0.22,0.54,0.11,0.35
CAIRO,RIVERA,006,26.44,0.26,0.78,0.08,0.13
CORBIN,CAMPBELL,001,23.87,0.31,0.57,0,0.43
DAKOTA,MITCHELL,002,28.65,0.34,0.55,0.11,0.34
ISMAEL,CARTER,002,33.34,0.24,0.9,0.1,0.00
COLSON,ROBERTS,006,31.87,0.23,0.58,0.17,0.25
KILLIAN,GOMEZ,005,27.96,0.27,0.83,0.06,0.11
MAJOR,PHILLIPS,003,33.78,0.29,0.86,0.06,0.09
TATE,EVANS,001,33.63,0.32,0.27,0.23,0.49
GIANNI,TURNER,003,28.80,0.2,0.54,0.15,0.32
ELIAN,DIAZ,001,31.69,0.26,0.65,0.11,0.24
REMY,PARKER,001,29.57,0.27,0.67,0,0.33
LAWSON,CRUZ,006,32.19,0.33,0.5,0.13,0.37
NIKO,EDWARDS,001,7.05,0.28,0.64,0.1,0.26
NASIR,COLLINS,001,6.19,0.21,0.84,0.08,0.08
KADE,REYES,002,30.39,0.32,0.77,0.05,0.18
ARMANI,STEWART,006,25.68,0.32,0.54,0.11,0.35
EZEQUIEL,MORRIS,006,29.09,0.23,0.78,0.08,0.13
MARSHALL,MORALES,003,28.46,0.26,0.57,0,0.43
HECTOR,MURPHY,006,25.23,0.3,0.9,0.1,0.00
DESMOND,COOK,006,13.48,0.3,0.58,0.17,0.25
KASON,ROGERS,006,36.38,0.21,0.66,0.13,0.21
GARRETT,GUTIERREZ,003,32.02,0.31,0.64,0.16,0.21
JARED,ORTIZ,002,26.68,0.23,0.87,0.07,0.07
CYRUS,MORGAN,006,29.49,0.2,0.73,0,0.27
RUSSELL,COOPER,006,28.26,0.25,0.69,0.2,0.11
CESAR,PETERSON,006,26.45,0.24,0.73,0.09,0.19
TYSON,BAILEY,003,5.20,0.21,0,0,1.00
MALIK,REED,005,23.61,0.34,0.62,0.11,0.27
DONOVAN,KELLY,003,25.82,0.33,0.83,0.06,0.11
JAXTON,HOWARD,006,27.09,0.25,0.86,0.06,0.09
CADE,RAMOS,001,23.99,0.34,0.66,0.17,0.17
ROMEO,KIM,001,26.20,0.24,0.54,0.15,0.32
NEHEMIAH,COX,001,31.16,0.33,0.65,0.11,0.24
SERGIO,WARD,006,7.64,0.3,0.67,0,0.33
IKER,RICHARDSON,006,7.71,0.33,0.5,0.13,0.37
CAIDEN,WATSON,001,18.46,0.26,0.64,0.1,0.26
JAY,BROOKS,001,29.57,0.33,0.62,0.07,0.31
PABLO,CHAVEZ,001,35.51,0.24,0.91,0,0.09
DEVIN,WOOD,004,22.40,0.32,0.77,0.05,0.18
JEFFREY,JAMES,004,29.99,0.34,0.54,0.11,0.35
OTTO,BENNET,003,31.95,0.24,0.78,0.08,0.13
KAMARI,GRAY,005,29.40,0.31,0.57,0,0.43
RONIN,MENDOZA,003,25.38,0.27,0.55,0.11,0.34
JOHNNY,RUIZ,006,38.80,0.31,0.9,0.1,0.00
CLARK,HUGHES,004,21.02,0.24,0.58,0.17,0.25
ARI,PRICE,003,29.07,0.31,0.66,0.13,0.21
MARCO,ALVAREZ,003,33.04,0.22,0.64,0.16,0.21
EDGAR,CASTILLO,006,23.83,0.24,0.87,0.07,0.07
BOWEN,SANDERS,005,32.49,0.29,0.73,0,0.27
JAIDEN,PATEL,001,28.73,0.3,0.69,0.2,0.11
GRADY,MYERS,002,25.69,0.2,0.73,0.09,0.19
ZAYNE,LONG,003,16.34,0.2,0,0,1.00
SULLIVAN,ROSS,004,32.80,0.25,0.62,0.11,0.27
JAYCEON,FOSTER,006,25.01,0.34,0.83,0.06,0.11
STERLING,JIMENEZ,001,26.16,0.23,0.86,0.06,0.09
ANDY,SMITH,001,29.69,0.29,0.27,0.23,0.49
CONOR,JOHNSON,006,37.81,0.27,0.54,0.15,0.32
RAIDEN,WILLIAMS,004,31.20,0.28,0.65,0.11,0.24
ROYAL,BROWN,001,4.54,0.28,0.67,0,0.33
ROYCE,JONES,001,30.76,0.24,0.5,0.13,0.37
SOLOMON,GARCIA,005,30.57,0.32,0.64,0.1,0.26
TREVOR,MILLER,001,33.01,0.24,0.62,0.07,0.31
WINSTON,DAVIS,001,29.99,0.24,0.84,0.08,0.08
EMANUEL,RODRIGUEZ,004,28.85,0.3,0.91,0,0.09
FINNEGAN,MARTINEZ,002,23.07,0.29,0.54,0.11,0.35
PEDRO,HERNANDEZ,005,22.90,0.33,0.78,0.08,0.13
LUCIANO,LOPEZ,006,31.93,0.35,0.57,0,0.43
HARVEY,GONZALES,003,29.64,0.33,0.9,0.1,0.00
FRANKLIN,WILSON,005,24.67,0.23,0.58,0.17,0.25
NOEL,ANDERSON,002,26.03,0.29,0.66,0.13,0.21
TROY,THOMAS,003,30.37,0.25,0.64,0.16,0.21
PRINCETON,TAYLOR,006,30.40,0.27,0.87,0.07,0.07
JOHNATHAN,MOORE,004,20.25,0.21,0.73,0,0.27
ERIK,JACKSON,003,22.27,0.3,0.69,0.2,0.11
FABIAN,MARTIN,006,1.66,0.23,0.73,0.09,0.19
OAKLEY,LEE,006,22.93,0.33,0,0,1.00
RHYS,PEREZ,004,31.86,0.34,0.62,0.11,0.27
PORTER,THOMPSON,006,20.88,0.2,0.83,0.06,0.11
HUGO,WHITE,006,24.19,0.31,0.86,0.06,0.09
FRANK,HARRIS,003,25.64,0.2,0.27,0.23,0.49
DAMON,SANCHEZ,002,29.27,0.24,0.66,0.17,0.17
KENDRICK,CLARK,001,24.80,0.35,0.54,0.15,0.32
MATHIAS,RAMIREZ,002,22.25,0.25,0.65,0.11,0.24
MILAN,LEWIS,004,28.08,0.25,0.67,0,0.33
PEYTON,ROBINSON,004,23.05,0.29,0.5,0.13,0.37
WILDER,WALKER,006,39.82,0.34,0.64,0.1,0.26
CALLAN,YOUNG,002,27.35,0.24,0.84,0.08,0.08
GREGORY,ALLEN,003,38.26,0.29,0.91,0,0.09
SETH,KING,006,22.54,0.33,0.77,0.05,0.18
MATTHIAS,WRIGHT,001,29.44,0.21,0.54,0.11,0.35
BRIGGS,SCOTT,001,30.63,0.2,0.78,0.08,0.13
IBRAHIM,TORRES,006,27.57,0.22,0.57,0,0.43
ROBERTO,NGUYEN,003,33.85,0.35,0.55,0.11,0.34
CONNER,HILL,001,25.21,0.24,0.9,0.1,0.00
QUINN,FLORES,003,27.77,0.26,0.58,0.17,0.25
KASHTON,GREEN,006,6.67,0.34,0.83,0.06,0.11
SAGE,ADAMS,001,27.73,0.23,0.86,0.06,0.09
SANTINO,NELSON,005,8.65,0.3,0.27,0.23,0.49
KOLTON,BAKER,006,34.97,0.31,0.54,0.15,0.32
ALIJAH,HALL,002,28.09,0.21,0.65,0.11,0.24
DOMINICK,RIVERA,006,32.35,0.31,0.67,0,0.33
ZYAIRE,CAMPBELL,005,6.45,0.24,0.5,0.13,0.37
APOLLO,MITCHELL,003,28.93,0.21,0.64,0.1,0.26
KYLO,CARTER,005,29.60,0.21,0.62,0.07,0.31
REED,ROBERTS,005,33.63,0.29,0.84,0.08,0.08
PHILIP,GOMEZ,004,18.65,0.23,0.91,0,0.09
KIAN,PHILLIPS,001,18.21,0.32,0.77,0.05,0.18
SHAWN,EVANS,004,32.54,0.2,0.54,0.11,0.35
KAISON,TURNER,001,30.11,0.34,0.78,0.08,0.13
LEONIDAS,DIAZ,006,30.44,0.2,0.57,0,0.43
AYAAN,PARKER,002,39.99,0.23,0.55,0.11,0.34
LUCCA,CRUZ,002,30.32,0.24,0.9,0.1,0.00
MEMPHIS,EDWARDS,001,7.30,0.22,0.58,0.17,0.25
FORD,COLLINS,005,6.45,0.32,0.66,0.13,0.21
BAYLOR,REYES,003,24.01,0.23,0.64,0.16,0.21
KYSON,STEWART,004,22.68,0.29,0.87,0.07,0.07
URIEL,MORRIS,001,29.72,0.23,0.73,0,0.27
ALLEN,MORALES,002,29.36,0.2,0.69,0.2,0.11
COLLIN,MURPHY,006,27.26,0.31,0,0,1.00
RUBEN,COOK,002,25.68,0.29,0.83,0.06,0.11
ARCHIE,ROGERS,002,41.06,0.2,0.86,0.06,0.09
DALTON,GUTIERREZ,001,30.04,0.35,0.66,0.17,0.17
ESTEBAN,ORTIZ,003,37.61,0.33,0.54,0.15,0.32
ADAN,MORGAN,003,6.79,0.23,0.65,0.11,0.24
FORREST,COOPER,001,30.43,0.27,0.67,0,0.33
ALONZO,PETERSON,001,27.78,0.28,0.5,0.13,0.37
ISAIAS,BAILEY,006,31.88,0.2,0.64,0.1,0.26
LELAND,REED,004,39.97,0.31,0.62,0.07,0.31
JASE,KELLY,006,33.68,0.35,0.84,0.08,0.08
DAX,HOWARD,003,38.56,0.26,0.91,0,0.09
KASEN,RAMOS,005,19.03,0.35,0.77,0.05,0.18
GAGE,KIM,002,33.57,0.3,0.54,0.11,0.35
KAMDEN,COX,006,26.00,0.29,0.78,0.08,0.13
MARCOS,WARD,006,29.53,0.33,0.57,0,0.43
JAMISON,RICHARDSON,003,40.08,0.25,0.55,0.11,0.34
FRANCIS,WATSON,002,34.26,0.29,0.9,0.1,0.00
HANK,BROOKS,004,29.46,0.2,0.58,0.17,0.25
ALEXIS,CHAVEZ,004,3.06,0.25,0.66,0.13,0.21
TRIPP,WOOD,002,34.13,0.24,0.87,0.07,0.07
FREDERICK,JAMES,002,37.05,0.24,0.73,0,0.27
JONAS,BENNET,001,29.73,0.3,0.69,0.2,0.11
STETSON,GRAY,005,33.66,0.32,0.73,0.09,0.19
CASSIUS,MENDOZA,006,26.71,0.26,0,0,1.00
IZAIAH,RUIZ,004,22.78,0.28,0.62,0.11,0.27
EDEN,HUGHES,003,32.70,0.27,0.83,0.06,0.11
MAXIMILIAN,PRICE,005,26.43,0.32,0.27,0.23,0.49
ROCCO,ALVAREZ,004,28.46,0.26,0.66,0.17,0.17
TATUM,CASTILLO,002,36.45,0.3,0.54,0.15,0.32
KEEGAN,SANDERS,006,30.48,0.3,0.65,0.11,0.24
AZIEL,PATEL,001,38.11,0.27,0.5,0.13,0.37
MOSES,MYERS,006,33.90,0.3,0.64,0.1,0.26
BRUCE,LONG,002,7.31,0.32,0.62,0.07,0.31
LEWIS,ROSS,006,38.00,0.27,0.84,0.08,0.08
BRAYLEN,FOSTER,004,28.17,0.34,0.91,0,0.09
OMARI,JIMENEZ,003,28.71,0.27,0.77,0.05,0.18
MACK,SMITH,005,28.61,0.2,0.54,0.11,0.35
AUGUSTUS,JOHNSON,002,29.66,0.32,0.78,0.08,0.13
ENRIQUE,WILLIAMS,003,21.49,0.2,0.57,0,0.43
ARMANDO,BROWN,002,2.33,0.32,0.55,0.11,0.34
PIERCE,JONES,006,38.70,0.34,0.9,0.1,0.00
MOISES,GARCIA,005,5.58,0.27,0.58,0.17,0.25
ASA,MILLER,001,26.01,0.23,0.66,0.13,0.21
SHANE,DAVIS,002,19.33,0.21,0.64,0.16,0.21
EMMITT,RODRIGUEZ,002,18.92,0.24,0.87,0.07,0.07
SOREN,MARTINEZ,003,31.65,0.34,0.73,0,0.27
DORIAN,HERNANDEZ,001,31.91,0.32,0.69,0.2,0.11
KEANU,LOPEZ,001,25.20,0.27,0.73,0.09,0.19
ZAIDEN,GONZALES,003,23.93,0.35,0,0,1.00
RAPHAEL,WILSON,005,27.87,0.21,0.62,0.11,0.27
DEACON,ANDERSON,003,28.46,0.29,0.83,0.06,0.11
ABDIEL,THOMAS,006,33.37,0.35,0.86,0.06,0.09
KIERAN,TAYLOR,002,20.29,0.24,0.27,0.23,0.49
PHILLIP,MOORE,005,28.57,0.22,0.66,0.17,0.17
RYLAND,JACKSON,005,23.43,0.22,0.54,0.15,0.32
ZACHARIAH,MARTIN,004,25.84,0.29,0.67,0,0.33
CASEY,LEE,003,31.48,0.29,0.5,0.13,0.37
ZAIRE,PEREZ,003,29.19,0.21,0.64,0.1,0.26
ALBERT,THOMPSON,003,17.16,0.34,0.84,0.08,0.08
BAKER,WHITE,006,4.77,0.34,0.91,0,0.09
COREY,HARRIS,004,33.35,0.28,0.77,0.05,0.18
KYLAN,SANCHEZ,004,32.52,0.35,0.54,0.11,0.35
DENVER,CLARK,001,23.33,0.32,0.78,0.08,0.13
GUNNAR,RAMIREZ,001,22.20,0.24,0.57,0,0.43
JAYSON,LEWIS,006,27.55,0.27,0.55,0.11,0.34
DREW,ROBINSON,002,36.12,0.31,0.9,0.1,0.00
CALLEN,WALKER,001,25.95,0.35,0.58,0.17,0.25
JASIAH,YOUNG,004,23.26,0.35,0.83,0.06,0.11
DRAKE,ALLEN,006,26.92,0.25,0.86,0.06,0.09
KANNON,KING,004,31.17,0.21,0.27,0.23,0.49
BRAYLON,WRIGHT,004,28.08,0.28,0.54,0.15,0.32
SONNY,SCOTT,001,25.51,0.26,0.65,0.11,0.24
BO,TORRES,004,26.94,0.27,0.67,0,0.33
MOSHE,NGUYEN,003,28.88,0.22,0.5,0.13,0.37
HUXLEY,HILL,002,18.45,0.21,0.64,0.1,0.26
QUENTIN,FLORES,005,30.70,0.24,0.62,0.07,0.31
ROWEN,GREEN,004,14.83,0.29,0.84,0.08,0.08
SANTANA,ADAMS,003,21.91,0.31,0.91,0,0.09
CANNON,NELSON,001,23.84,0.31,0.77,0.05,0.18
KENZO,BAKER,006,21.07,0.31,0.54,0.11,0.35
WELLS,HALL,005,27.58,0.32,0.78,0.08,0.13
JULIO,RIVERA,001,29.19,0.26,0.57,0,0.43
NIKOLAI,CAMPBELL,001,26.20,0.26,0.55,0.11,0.34
CONRAD,MITCHELL,003,25.68,0.23,0.9,0.1,0.00
JALEN,CARTER,001,33.33,0.25,0.58,0.17,0.25
MAKAI,ROBERTS,005,3.65,0.31,0.66,0.13,0.21
BENSON,GOMEZ,004,42.08,0.35,0.87,0.07,0.07
DERRICK,PHILLIPS,002,4.08,0.32,0.73,0,0.27
GERARDO,EVANS,002,35.11,0.33,0.69,0.2,0.11
DAVIS,TURNER,005,30.84,0.28,0.73,0.09,0.19
ABRAM,DIAZ,006,20.45,0.21,0,0,1.00
MOHAMED,PARKER,001,25.70,0.32,0.62,0.11,0.27
RONALD,CRUZ,003,38.21,0.35,0.83,0.06,0.11
RAUL,EDWARDS,004,24.03,0.26,0.66,0.17,0.17
ARJUN,COLLINS,006,25.30,0.26,0.54,0.15,0.32
DEXTER,REYES,005,29.67,0.2,0.65,0.11,0.24
KAYSEN,STEWART,002,31.96,0.27,0.67,0,0.33
JAIME,MORRIS,002,24.45,0.32,0.5,0.13,0.37
SCOTT,MORALES,003,16.86,0.3,0.64,0.1,0.26
LAWRENCE,MURPHY,006,32.46,0.29,0.62,0.07,0.31
ARIEL,COOK,003,37.88,0.26,0.84,0.08,0.08
SKYLER,ROGERS,003,36.26,0.33,0.91,0,0.09
DANNY,GUTIERREZ,006,36.10,0.31,0.54,0.11,0.35
ROLAND,ORTIZ,005,22.85,0.25,0.57,0,0.43
CHANDLER,MORGAN,001,21.73,0.33,0.55,0.11,0.34
YUSUF,COOPER,002,35.97,0.35,0.9,0.1,0.00
SAMSON,PETERSON,005,40.64,0.21,0.58,0.17,0.25
CASE,BAILEY,005,36.75,0.28,0.66,0.13,0.21
ZAIN,REED,005,30.53,0.25,0.64,0.16,0.21
ROY,KELLY,001,30.22,0.25,0.87,0.07,0.07
RODRIGO,HOWARD,001,26.05,0.29,0.73,0,0.27
SUTTON,RAMOS,002,18.92,0.29,0.69,0.2,0.11
BOONE,KIM,006,8.33,0.29,0.73,0.09,0.19
SAINT,COX,006,26.20,0.2,0,0,1.00
SAUL,WARD,006,25.92,0.23,0.62,0.11,0.27
JAZIEL,RICHARDSON,006,30.17,0.24,0.83,0.06,0.11
HEZEKIAH,WATSON,001,31.35,0.34,0.86,0.06,0.09
ALEC,BROOKS,003,31.07,0.23,0.27,0.23,0.49
ARTURO,CHAVEZ,004,23.19,0.31,0.66,0.17,0.17
JAMARI,WOOD,004,22.97,0.32,0.54,0.15,0.32
JAXTYN,JAMES,003,19.98,0.35,0.65,0.11,0.24
JULIEN,BENNET,003,15.34,0.3,0.67,0,0.33
KOA,GRAY,004,32.17,0.26,0.5,0.13,0.37
REECE,MENDOZA,003,28.48,0.34,0.64,0.1,0.26
LANDEN,RUIZ,004,30.21,0.35,0.62,0.07,0.31
KODA,HUGHES,003,8.09,0.26,0.84,0.08,0.08
DARIUS,PRICE,004,28.73,0.32,0.91,0,0.09
SYLAS,ALVAREZ,001,32.66,0.21,0.77,0.05,0.18
ARES,CASTILLO,001,28.94,0.31,0.54,0.11,0.35
KYREE,SANDERS,005,25.83,0.32,0.78,0.08,0.13
BOSTON,PATEL,003,37.60,0.27,0.57,0,0.43
KEITH,MYERS,003,23.79,0.31,0.55,0.11,0.34
JOHAN,LONG,005,31.46,0.31,0.9,0.1,0.00
EDISON,ROSS,002,30.99,0.3,0.58,0.17,0.25
SINCERE,FOSTER,002,28.24,0.35,0.66,0.13,0.21
WATSON,JIMENEZ,004,19.85,0.41,0.64,0.16,0.21
JERRY,SMITH,004,29.38,0.41,0.87,0.07,0.07
NIKOLAS,JOHNSON,005,23.66,0.47,0.73,0,0.27
QUINCY,WILLIAMS,005,30.50,0.4,0.69,0.2,0.11
SHEPHERD,BROWN,005,7.97,0.41,0.73,0.09,0.19
BRYCEN,JONES,003,23.87,0.36,0,0,1.00
MARVIN,GARCIA,005,32.20,0.35,0.62,0.11,0.27
DARIEL,MILLER,002,30.79,0.39,0.83,0.06,0.11
AXTON,DAVIS,005,20.88,0.44,0.27,0.23,0.49
DONALD,RODRIGUEZ,006,19.88,0.47,0.66,0.17,0.17
BODIE,MARTINEZ,004,31.66,0.37,0.54,0.15,0.32
FINNLEY,HERNANDEZ,001,25.57,0.35,0.65,0.11,0.24
ONYX,LOPEZ,006,38.65,0.45,0.67,0,0.33
RAYAN,GONZALES,005,34.50,0.44,0.5,0.13,0.37
RAYLAN,WILSON,001,22.01,0.36,0.62,0.07,0.31
BRIXTON,ANDERSON,005,27.36,0.4,0.84,0.08,0.08
COLBY,THOMAS,003,18.15,0.45,0.77,0.05,0.18
VALENTINO,TAYLOR,002,17.88,0.37,0.54,0.11,0.35
LAYTON,MOORE,003,27.97,0.42,0.78,0.08,0.13
TRENTON,JACKSON,001,33.45,0.36,0.57,0,0.43
LANDYN,MARTIN,002,32.28,0.44,0.55,0.11,0.34
ALESSANDRO,LEE,004,22.75,0.42,0.9,0.1,0.00
AHMAD,PEREZ,006,26.82,0.5,0.58,0.17,0.25
GUSTAVO,THOMPSON,002,38.21,0.43,0.83,0.06,0.11
LEDGER,WHITE,004,26.65,0.37,0.86,0.06,0.09
RIDGE,HARRIS,001,18.29,0.49,0.27,0.23,0.49
ANDER,SANCHEZ,006,30.28,0.42,0.66,0.17,0.17
AHMED,CLARK,003,24.22,0.37,0.54,0.15,0.32
KINGSLEY,RAMIREZ,001,32.17,0.41,0.65,0.11,0.24
ISSAC,LEWIS,001,26.61,0.36,0.67,0,0.33
MAURICIO,ROBINSON,004,40.26,0.4,0.5,0.13,0.37
TONY,WALKER,001,31.59,0.49,0.64,0.1,0.26
LEONARD,YOUNG,004,23.97,0.43,0.62,0.07,0.31
MOHAMMED,ALLEN,001,27.46,0.4,0.84,0.08,0.08
URIAH,KING,005,23.11,0.5,0.91,0,0.09
DUKE,WRIGHT,006,37.26,0.46,0.77,0.05,0.18
KAREEM,SCOTT,006,31.17,0.48,0.54,0.11,0.35
LUCIAN,TORRES,006,19.43,0.43,0.78,0.08,0.13
MARCELO,NGUYEN,006,22.16,0.39,0.57,0,0.43
AARAV,HILL,004,30.83,0.43,0.55,0.11,0.34
LEANDRO,FLORES,005,30.84,0.45,0.9,0.1,0.00
CLAY,GREEN,001,25.48,0.5,0.58,0.17,0.25
KOHEN,ADAMS,001,8.27,0.46,0.66,0.13,0.21
DENNIS,NELSON,002,29.64,0.47,0.64,0.16,0.21
SAMIR,BAKER,005,32.54,0.38,0.87,0.07,0.07
ERMIAS,HALL,004,27.35,0.48,0.73,0,0.27
OTIS,RIVERA,006,35.80,0.44,0.69,0.2,0.11
EMIR,CAMPBELL,006,8.14,0.48,0.73,0.09,0.19
NIXON,MITCHELL,004,30.65,0.49,0,0,1.00
TY,CARTER,006,25.34,0.41,0.83,0.06,0.11
SAM,ROBERTS,004,7.56,0.48,0.86,0.06,0.09
FLETCHER,GOMEZ,001,21.96,0.48,0.66,0.17,0.17
WILSON,PHILLIPS,001,38.87,0.37,0.54,0.15,0.32
DUSTIN,EVANS,005,29.69,0.46,0.65,0.11,0.24
HAMZA,TURNER,002,26.98,0.41,0.67,0,0.33
BRYANT,DIAZ,002,29.75,0.45,0.5,0.13,0.37
FLYNN,PARKER,005,25.06,0.47,0.64,0.1,0.26
LIONEL,CRUZ,003,26.86,0.5,0.62,0.07,0.31
MOHAMMAD,EDWARDS,006,20.99,0.49,0.84,0.08,0.08
CASON,COLLINS,002,22.28,0.37,0.91,0,0.09
JAMIR,REYES,002,36.59,0.36,0.77,0.05,0.18
ADEN,STEWART,006,30.77,0.37,0.54,0.11,0.35
DAKARI,MORRIS,005,16.76,0.39,0.78,0.08,0.13
DILLON,MORALES,001,32.73,0.38,0.57,0,0.43
ZAID,MURPHY,002,23.52,0.48,0.55,0.11,0.34
ALDEN,COOK,005,29.33,0.5,0.9,0.1,0.00
NELSON,ROGERS,001,32.92,0.36,0.58,0.17,0.25
DEVON,GUTIERREZ,006,38.30,0.35,0.66,0.13,0.21
TITAN,ORTIZ,005,29.07,0.36,0.64,0.16,0.21
CHRIS,MORGAN,005,18.93,0.38,0.87,0.07,0.07
KHARI,COOPER,004,25.17,0.36,0.73,0,0.27
ZEKE,PETERSON,005,7.32,0.48,0.69,0.2,0.11
NOE,BAILEY,001,3.65,0.48,0.73,0.09,0.19
ALBERTO,REED,005,21.11,0.46,0,0,1.00
ROGER,KELLY,002,30.88,0.37,0.62,0.11,0.27
BROCK,HOWARD,003,31.48,0.49,0.83,0.06,0.11
REX,RAMOS,005,22.78,0.47,0.86,0.06,0.09
QUINTON,KIM,006,30.40,0.4,0.27,0.23,0.49
ALVIN,COX,003,23.39,0.4,0.66,0.17,0.17
CULLEN,WARD,005,19.26,0.47,0.54,0.15,0.32
HARLAN,RICHARDSON,002,15.88,0.43,0.65,0.11,0.24
KELLAN,WATSON,001,36.07,0.38,0.67,0,0.33
MARCEL,BROOKS,005,25.23,0.49,0.5,0.13,0.37
KEATON,CHAVEZ,003,37.37,0.39,0.64,0.1,0.26
RICKY,WOOD,004,20.76,0.35,0.62,0.07,0.31
TREY,JAMES,003,18.21,0.49,0.77,0.05,0.18
LANGSTON,BENNET,002,34.84,0.47,0.54,0.11,0.35
MILLER,GRAY,006,32.37,0.41,0.57,0,0.43
CHAIM,MENDOZA,005,27.61,0.44,0.55,0.11,0.34
SALVADOR,RUIZ,002,21.87,0.41,0.9,0.1,0.00
AMIAS,HUGHES,006,31.43,0.4,0.58,0.17,0.25
TADEO,PRICE,001,30.43,0.42,0.66,0.13,0.21
CURTIS,ALVAREZ,003,7.31,0.35,0.64,0.16,0.21
LACHLAN,CASTILLO,002,30.21,0.48,0.73,0,0.27
AMOS,SANDERS,002,5.08,0.46,0.69,0.2,0.11
ANAKIN,PATEL,004,29.81,0.48,0.73,0.09,0.19
KREW,MYERS,003,19.25,0.49,0,0,1.00
TOMAS,LONG,004,28.71,0.39,0.62,0.11,0.27
JEFFERSON,ROSS,004,34.85,0.38,0.83,0.06,0.11
YOSEF,FOSTER,006,31.80,0.4,0.86,0.06,0.09
BRUNO,JIMENEZ,006,36.55,0.36,0.27,0.23,0.49
KORBIN,SMITH,002,33.50,0.38,0.66,0.17,0.17
AUGUSTINE,JOHNSON,004,26.67,0.47,0.54,0.15,0.32
CAYSON,WILLIAMS,001,20.13,0.5,0.65,0.11,0.24
MATHEW,BROWN,004,33.77,0.4,0.67,0,0.33
VIHAAN,JONES,006,39.38,0.47,0.5,0.13,0.37
CLYDE,GARCIA,002,31.35,0.5,0.64,0.1,0.26
BRENDAN,MILLER,004,23.05,0.43,0.62,0.07,0.31
JAGGER,DAVIS,004,40.14,0.48,0.84,0.08,0.08
CARMELO,RODRIGUEZ,005,5.20,0.39,0.91,0,0.09
HARRY,MARTINEZ,002,20.18,0.35,0.77,0.05,0.18
NATHANAEL,HERNANDEZ,004,23.46,0.41,0.54,0.11,0.35
MITCHELL,LOPEZ,006,34.75,0.44,0.78,0.08,0.13
DARREN,GONZALES,005,32.29,0.44,0.55,0.11,0.34
RAY,WILSON,005,31.61,0.47,0.9,0.1,0.00
JEDIDIAH,ANDERSON,001,39.54,0.35,0.58,0.17,0.25
JIMMY,THOMAS,003,21.61,0.4,0.83,0.06,0.11
LOCHLAN,TAYLOR,006,32.23,0.49,0.86,0.06,0.09
EDDIE,MOORE,005,35.42,0.37,0.27,0.23,0.49
RAYDEN,JACKSON,003,25.15,0.41,0.66,0.17,0.17
STANLEY,MARTIN,006,21.70,0.35,0.54,0.15,0.32
JOE,LEE,004,20.06,0.4,0.65,0.11,0.24
HOUSTON,PEREZ,005,25.72,0.4,0.67,0,0.33
DOUGLAS,THOMPSON,001,25.86,0.44,0.5,0.13,0.37
VINCENZO,WHITE,001,24.82,0.5,0.64,0.1,0.26
CASEN,HARRIS,005,28.99,0.44,0.62,0.07,0.31
JOZIAH,SANCHEZ,005,28.76,0.36,0.84,0.08,0.08
MARCELLUS,CLARK,004,25.94,0.42,0.91,0,0.09
ATREUS,RAMIREZ,004,22.82,0.44,0.77,0.05,0.18
ARON,LEWIS,006,30.93,0.43,0.54,0.11,0.35
HUGH,ROBINSON,001,1.50,0.39,0.78,0.08,0.13
MUSA,WALKER,002,27.51,0.41,0.57,0,0.43
TOMMY,YOUNG,005,32.00,0.37,0.55,0.11,0.34
ALFREDO,ALLEN,006,24.46,0.43,0.58,0.17,0.25
JUNIOR,KING,004,32.97,0.48,0.66,0.13,0.21
NEIL,WRIGHT,003,34.00,0.41,0.64,0.16,0.21
WESTLEY,SCOTT,002,38.06,0.44,0.87,0.07,0.07
BANKS,TORRES,005,36.04,0.42,0.73,0,0.27
ELIEL,NGUYEN,004,4.48,0.5,0.69,0.2,0.11
MELVIN,HILL,003,24.37,0.37,0.73,0.09,0.19
MAXIMO,FLORES,006,26.77,0.49,0,0,1.00
COLTEN,GREEN,002,34.03,0.37,0.62,0.11,0.27
LANCE,ADAMS,004,35.85,0.44,0.83,0.06,0.11
TRACE,NELSON,006,31.65,0.35,0.86,0.06,0.09
AXL,BAKER,004,7.37,0.36,0.27,0.23,0.49
RAMON,HALL,002,18.39,0.47,0.66,0.17,0.17
VICENTE,RIVERA,001,22.15,0.41,0.54,0.15,0.32
BRENNAN,CAMPBELL,001,32.05,0.48,0.65,0.11,0.24
CASPIAN,MITCHELL,004,32.03,0.47,0.67,0,0.33
DEANDRE,CARTER,003,23.65,0.37,0.5,0.13,0.37
LEE,ROBERTS,005,22.29,0.39,0.64,0.1,0.26
VALENTIN,GOMEZ,003,27.17,0.39,0.62,0.07,0.31
BEN,PHILLIPS,001,21.33,0.42,0.84,0.08,0.08
LOUIE,EVANS,005,26.42,0.36,0.91,0,0.09
WESTIN,TURNER,001,31.66,0.37,0.77,0.05,0.18
WAYNE,DIAZ,005,22.88,0.41,0.54,0.11,0.35
BENICIO,PARKER,005,24.14,0.38,0.78,0.08,0.13
GREY,CRUZ,002,30.23,0.36,0.55,0.11,0.34
ZAYD,EDWARDS,001,32.86,0.42,0.9,0.1,0.00
GATLIN,COLLINS,002,24.27,0.45,0.58,0.17,0.25
MEKHI,REYES,002,28.87,0.49,0.66,0.13,0.21
ORLANDO,STEWART,005,28.40,0.38,0.64,0.16,0.21
BJORN,MORRIS,005,24.15,0.46,0.87,0.07,0.07
ALONSO,MORALES,003,30.21,0.4,0.73,0,0.27
RIO,MURPHY,005,28.28,0.37,0.69,0.2,0.11
ALDO,COOK,001,33.18,0.38,0.73,0.09,0.19
BYRON,ROGERS,001,30.81,0.42,0,0,1.00
ELISEO,GUTIERREZ,005,21.03,0.5,0.62,0.11,0.27
ERNESTO,ORTIZ,004,23.11,0.42,0.83,0.06,0.11
TALON,MORGAN,002,33.92,0.38,0.86,0.06,0.09
THADDEUS,COOPER,003,20.33,0.47,0.27,0.23,0.49
BRECKEN,PETERSON,002,5.19,0.44,0.66,0.17,0.17
KACE,BAILEY,004,19.15,0.36,0.54,0.15,0.32
KELLEN,REED,005,20.45,0.44,0.65,0.11,0.24
ENOCH,KELLY,006,40.01,0.36,0.67,0,0.33
KIAAN,HOWARD,001,27.63,0.37,0.5,0.13,0.37
LIAN,RAMOS,003,24.46,0.39,0.64,0.1,0.26
CREED,KIM,005,31.25,0.41,0.62,0.07,0.31
ROHAN,COX,002,22.96,0.5,0.84,0.08,0.08
CALLAHAN,WARD,001,32.56,0.46,0.77,0.05,0.18
JAXXON,RICHARDSON,004,3.72,0.36,0.78,0.08,0.13
OCEAN,WATSON,003,25.91,0.43,0.57,0,0.43
CROSBY,BROOKS,001,31.04,0.43,0.55,0.11,0.34
DASH,CHAVEZ,001,4.26,0.5,0.9,0.1,0.00
GARY,WOOD,003,23.29,0.42,0.58,0.17,0.25
MYLO,JAMES,001,18.99,0.4,0.66,0.13,0.21
IRA,BENNET,004,32.28,0.35,0.64,0.16,0.21
MAGNUS,GRAY,006,27.02,0.41,0.87,0.07,0.07
ABDULLAH,MENDOZA,002,31.64,0.47,0.73,0,0.27
KYE,RUIZ,005,34.26,0.42,0.69,0.2,0.11
TRU,HUGHES,004,19.56,0.35,0.73,0.09,0.19
FOREST,PRICE,005,35.02,0.38,0,0,1.00
JON,ALVAREZ,004,32.53,0.47,0.62,0.11,0.27
MISAEL,CASTILLO,003,26.83,0.49,0.83,0.06,0.11
MADDEN,SANDERS,001,28.32,0.5,0.86,0.06,0.09
BRADEN,PATEL,002,25.61,0.42,0.27,0.23,0.49
CARL,MYERS,004,30.86,0.48,0.54,0.15,0.32
HASSAN,LONG,004,27.37,0.43,0.65,0.11,0.24
KRISTIAN,ROSS,005,20.89,0.41,0.5,0.13,0.37
ALARIC,FOSTER,002,30.55,0.44,0.64,0.1,0.26
AMBROSE,JIMENEZ,005,32.05,0.35,0.84,0.08,0.08
DARIO,GARCIA,001,30.57,0.46,0.91,0,0.09
ALLAN,RODRIGUEZ,005,25.30,0.37,0.54,0.11,0.35
BODE,HERNANDEZ,004,24.86,0.44,0.78,0.08,0.13
BODEN,MARTINEZ,001,26.22,0.42,0.57,0,0.43
JUELZ,LOPEZ,001,30.07,0.4,0.55,0.11,0.34
KRISTOPHER,GONZALEZ,003,30.05,0.4,0.9,0.1,0.00
IDRIS,PEREZ,004,33.47,0.42,0.58,0.17,0.25
AMEER,SANCHEZ,002,35.14,0.39,0.83,0.06,0.11
ANDERS,RAMIREZ,001,29.44,0.43,0.86,0.06,0.09
DARIAN,TORRES,006,26.25,0.36,0.27,0.23,0.49
KASE,FLORES,001,31.37,0.5,0.66,0.17,0.17
ARYAN,RIVERA,006,30.60,0.37,0.54,0.15,0.32
DANE,GOMEZ,005,22.15,0.43,0.65,0.11,0.24
GUILLERMO,DIAZ,004,23.49,0.45,0.67,0,0.33
JAKOBE,CRUZ,001,31.98,0.39,0.5,0.13,0.37
THATCHER,MORALES,006,8.12,0.39,0.64,0.1,0.26
EUGENE,REYES,001,9.08,0.46,0.62,0.07,0.31
ISHAAN,GUTIERREZ,001,18.50,0.45,0.84,0.08,0.08
LARRY,ORTIZ,003,24.09,0.48,0.91,0,0.09
WESSON,CHAVEZ,002,37.52,0.42,0.77,0.05,0.18
YEHUDA,RAMOS,001,23.50,0.44,0.54,0.11,0.35
ALVARO,RUIZ,002,25.30,0.35,0.57,0,0.43
BOBBY,MENDOZA,006,7.61,0.43,0.55,0.11,0.34
BRONSON,ALVAREZ,003,9.02,0.42,0.9,0.1,0.00
DILAN,JIMENEZ,001,21.50,0.5,0.58,0.17,0.25
KOLE,CASTILLO,001,31.09,0.45,0.66,0.13,0.21
KYRO,VASQUEZ,001,30.03,0.47,0.64,0.16,0.21
TRISTEN,ROMERO,002,20.69,0.48,0.87,0.07,0.07
BLAZE,MORENO,005,40.03,0.37,0.73,0,0.27
BRAYAN,GONZALES,003,22.64,0.39,0.69,0.2,0.11
JADIEL,HERRERA,006,6.58,0.47,0.73,0.09,0.19
DEMETRIUS,AGUILAR,006,24.41,0.4,0,0,1.00
MAURICE,MEDINA,001,38.10,0.49,0.62,0.11,0.27
ARIAN,VARGAS,005,31.75,0.5,0.86,0.06,0.09
KABIR,CASTRO,001,25.07,0.43,0.27,0.23,0.49
ROCKY,GUZMAN,004,35.45,0.35,0.54,0.15,0.32
RUDY,MENDEZ,002,38.64,0.41,0.65,0.11,0.24
RANDY,FERNANDEZ,004,28.52,0.4,0.67,0,0.33
RODNEY,MUNOZ,004,23.41,0.39,0.5,0.13,0.37
YOUSEF,SALAZAR,006,13.92,0.36,0.64,0.1,0.26
FELIPE,GARZA,005,28.17,0.48,0.62,0.07,0.31
AYDIN,SOTO,003,27.82,0.39,0.91,0,0.09
KAISER,VAZQUEZ,002,29.54,0.35,0.54,0.11,0.35
VAN,ALVARADO,001,19.47,0.5,0.78,0.08,0.13
BRODIE,CONTRERAS,006,33.83,0.41,0.57,0,0.43
EITHAN,DELGADO,003,36.41,0.48,0.55,0.11,0.34
STEFAN,PENA,003,18.24,0.39,0.9,0.1,0.00
ULISES,RIOS,002,22.76,0.44,0.58,0.17,0.25
CAMILO,GUERRERO,006,29.12,0.5,0.66,0.13,0.21
BRANSON,SANDOVAL,001,4.55,0.41,0.64,0.16,0.21
JAKARI,ORTEGA,001,18.89,0.5,0.87,0.07,0.07
JUDSON,ESTRADA,003,7.33,0.37,0.73,0,0.27
YAHIR,NUNEZ,001,27.37,0.41,0.69,0.2,0.11
ZAVIER,MALDONADO,004,29.89,0.36,0.73,0.09,0.19
DAMARI,DOMINGUEZ,002,29.10,0.43,0,0,1.00
JAKOB,VALDEZ,003,28.09,0.48,0.62,0.11,0.27
JAXX,VEGA,001,19.14,0.39,0.86,0.06,0.09
BENTLEE,SANTIAGO,005,21.62,0.42,0.27,0.23,0.49
CAIN,ESPINOZA,003,24.17,0.49,0.54,0.15,0.32
NIKLAUS,ROJAS,005,32.67,0.42,0.65,0.11,0.24
REY,SILVA,002,24.97,0.36,0.67,0,0.33
ZAHIR,MEJIA,006,26.39,0.49,0.5,0.13,0.37
ARIES,MARQUEZ,006,5.63,0.44,0.64,0.1,0.26
BLAINE,,002,23.26,0.42,0.62,0.07,0.31
KYNG,,003,31.29,0.36,0.91,0,0.09
CASTIEL,,001,34.10,0.44,0.54,0.11,0.35
HENRIK,,004,30.30,0.4,0.78,0.08,0.13
KHALID,,006,5.66,0.4,0.57,0,0.43
BEAR,,002,27.83,0.37,0.55,0.11,0.34
GRAYSEN,,002,27.65,0.48,0.9,0.1,0.00
JAIR,,004,25.52,0.36,0.58,0.17,0.25
KYLEN,,003,31.46,0.43,0.66,0.13,0.21
DARWIN,,006,32.90,0.48,0.64,0.16,0.21
ALFRED,,006,3.81,0.42,0.87,0.07,0.07
AYAN,,001,23.37,0.45,0.73,0,0.27
KENJI,,005,6.56,0.4,0.69,0.2,0.11
ZAKAI,,005,24.54,0.41,0.73,0.09,0.19
AVI,,004,26.72,0.39,0,0,1.00
FISHER,,006,27.86,0.47,0.83,0.06,0.11
JACOBY,,005,37.89,0.38,0.86,0.06,0.09
OSIRIS,,003,36.32,0.5,0.27,0.23,0.49
HARLEM,,004,22.10,0.37,0.66,0.17,0.17
JAMAL,,002,6.62,0.48,0.54,0.15,0.32
SANTOS,,004,29.69,0.45,0.65,0.11,0.24
WALLACE,,004,33.08,0.49,0.67,0,0.33
BRETT,,001,29.53,0.37,0.5,0.13,0.37
FOX,,001,30.51,0.5,0.64,0.1,0.26
LEIF,,003,30.86,0.47,0.62,0.07,0.31
MAISON,,005,27.38,0.45,0.84,0.08,0.08
REUBEN,,006,35.51,0.44,0.91,0,0.09
ADLER,,001,22.67,0.47,0.77,0.05,0.18
ZEV,,001,30.04,0.36,0.54,0.11,0.35
CALUM,,003,16.30,0.49,0.78,0.08,0.13
KELVIN,,003,40.69,0.4,0.57,0,0.43
ZECHARIAH,,004,31.84,0.4,0.55,0.11,0.34
BRIDGER,,003,33.76,0.38,0.9,0.1,0.00
MCCOY,,005,30.73,0.4,0.58,0.17,0.25
SEVEN,,006,7.59,0.49,0.58,0.17,0.25
SHEPARD,GARCIA,001,19.69,0.38,0.58,0.17,0.25
AZRAEL,RODRIGUEZ,001,19.97,0.53,0.58,0.17,0.25
LEROY,HERNANDEZ,006,23.97,0.65,0.58,0.17,0.25
TERRY,MARTINEZ,006,23.87,0.5,0.58,0.17,0.25
HAROLD,LOPEZ,002,28.34,0.58,0.58,0.17,0.25
MAC,GONZALEZ,003,26.69,0.65,0.58,0.17,0.25
MORDECHAI,PEREZ,005,30.30,0.53,0.58,0.17,0.25
AHMIR,SANCHEZ,003,24.57,0.57,0.58,0.17,0.25
CAL,RAMIREZ,004,32.96,0.51,0.58,0.17,0.25
FRANCO,TORRES,003,30.83,0.56,0.58,0.17,0.25
TRENT,FLORES,006,32.58,0.59,0.58,0.17,0.25
BLAISE,RIVERA,001,27.41,0.5,0.58,0.17,0.25
COEN,GOMEZ,004,29.64,0.58,0.58,0.17,0.25
DOMINIK,DIAZ,002,28.64,0.6,0.58,0.17,0.25
DAVION,CRUZ,003,31.81,0.56,0.58,0.17,0.25
JEREMIAS,MORALES,003,36.44,0.62,0.58,0.17,0.25
RIGGS,REYES,003,21.75,0.64,0.58,0.17,0.25
JONES,GUTIERREZ,001,5.91,0.54,0.58,0.17,0.25
WILL,ORTIZ,001,3.30,0.6,0.58,0.17,0.25
DAMIR,CHAVEZ,004,15.83,0.58,0.58,0.17,0.25
DANGELO,RAMOS,005,35.18,0.54,0.58,0.17,0.25
CANAAN,RUIZ,006,26.42,0.52,0.58,0.17,0.25
DION,MENDOZA,004,21.38,0.59,0.58,0.17,0.25
JABARI,ALVAREZ,003,21.22,0.64,0.58,0.17,0.25
SALVATORE,JIMENEZ,004,30.89,0.61,0.58,0.17,0.25
KODY,CASTILLO,006,31.71,0.54,0.58,0.17,0.25
HAKEEM,VASQUEZ,004,34.70,0.52,0.58,0.17,0.25
TRUETT,ROMERO,005,31.64,0.6,0.58,0.17,0.25
GERALD,MORENO,002,23.55,0.59,0.58,0.17,0.25
GORDON,GONZALES,002,23.82,0.57,0.58,0.17,0.25
JOVANNI,HERRERA,006,26.50,0.59,0.58,0.17,0.25
KAMDYN,AGUILAR,002,28.14,0.52,0.58,0.17,0.25
ALISTAIR,MEDINA,004,27.26,0.64,0.58,0.17,0.25
CILLIAN,VARGAS,005,29.53,0.58,0.58,0.17,0.25
FOSTER,CASTRO,003,4.50,0.61,0.58,0.17,0.25
TERRANCE,GUZMAN,002,24.63,0.59,0.58,0.17,0.25
ZYAIR,MENDEZ,006,26.52,0.53,0.58,0.17,0.25
CEDRIC,FERNANDEZ,005,4.36,0.61,0.58,0.17,0.25
ROME,MUNOZ,002,9.33,0.5,0.58,0.17,0.25
ABNER,SALAZAR,005,29.75,0.51,0.58,0.17,0.25
COLTER,GARZA,001,24.22,0.61,0.58,0.17,0.25
DAYTON,SOTO,004,25.37,0.59,0.58,0.17,0.25
JAD,VAZQUEZ,006,33.94,0.52,0.58,0.17,0.25
XZAVIER,ALVARADO,005,24.11,0.55,0.58,0.17,0.25
RENE,CONTRERAS,005,26.62,0.59,0.58,0.17,0.25
VANCE,DELGADO,004,29.66,0.53,0.58,0.17,0.25
DUNCAN,PENA,004,20.66,0.51,0.58,0.17,0.25
BISHOP,RIOS,004,28.83,0.55,0.58,0.17,0.25
DAVIAN,GUERRERO,006,26.68,0.62,0.58,0.17,0.25
EVEREST,SANDOVAL,005,24.05,0.55,0.58,0.17,0.25
HEATH,ORTEGA,006,25.70,0.6,0.58,0.17,0.25
JAXEN,ESTRADA,001,32.00,0.53,0.58,0.17,0.25
MARLON,NUNEZ,004,36.77,0.58,0.58,0.17,0.25
MAXTON,MALDONADO,006,28.91,0.6,0.58,0.17,0.25
REGINALD,DOMINGUEZ,004,30.20,0.5,0.58,0.17,0.25
HARRIS,VALDEZ,001,31.29,0.62,0.58,0.17,0.25
JERICHO,VEGA,005,20.57,0.54,0.58,0.17,0.25
KEENAN,SANTIAGO,006,31.90,0.61,0.58,0.17,0.25
KORBYN,ESPINOZA,003,35.88,0.56,0.58,0.17,0.25
WES,ROJAS,002,24.28,0.63,0.58,0.17,0.25
ELIEZER,SILVA,003,26.43,0.64,0.58,0.17,0.25
JEFFERY,MEJIA,006,31.82,0.63,0.58,0.17,0.25
KALEL,MARQUEZ,004,4.18,0.63,0.58,0.17,0.25
KYLIAN,JUAREZ,001,23.46,0.57,0.58,0.17,0.25
TURNER,PADILLA,001,33.11,0.64,0.58,0.17,0.25
WILLIE,LUNA,005,31.91,0.54,0.58,0.17,0.25
ROGELIO,ACOSTA,001,20.20,0.61,0.58,0.17,0.25
EPHRAIM,FIGUEROA,003,37.61,0.57,0.58,0.17,0.25
OLIVIA,CORTEZ,003,39.98,0.56,0.58,0.17,0.25
EMMA,AVILA,002,23.60,0.58,0.58,0.17,0.25
AVA,NAVARRO,004,29.92,0.61,0.58,0.17,0.25
CHARLOTTE,MOLINA,005,31.43,0.58,0.58,0.17,0.25
SOPHIA,AYALA,002,31.95,0.56,0.58,0.17,0.25
AMELIA,CAMPOS,001,35.66,0.6,0.58,0.17,0.25
ISABELLA,SANTOS,001,24.07,0.57,0.58,0.17,0.25
MIA,CARRILLO,004,3.11,0.53,0.58,0.17,0.25
EVELYN,CERVANTES,006,39.04,0.5,0.58,0.17,0.25
HARPER,DURAN,002,25.68,0.5,0.58,0.17,0.25
CAMILA,LARA,006,29.68,0.64,0.58,0.17,0.25
GIANNA,CABRERA,005,17.91,0.61,0.58,0.17,0.25
ABIGAIL,SOLIS,002,29.73,0.56,0.58,0.17,0.25
LUNA,MIRANDA,002,29.25,0.55,0.58,0.17,0.25
ELLA,ROBLES,002,21.71,0.57,0.58,0.17,0.25
ELIZABETH,FUENTES,001,32.09,0.65,0.58,0.17,0.25
SOFIA,SALINAS,003,28.47,0.58,0.58,0.17,0.25
EMILY,VELASQUEZ,001,28.15,0.5,0.58,0.17,0.25
MILA,OCHOA,006,24.82,0.63,0.58,0.17,0.25
SCARLETT,AGUIRRE,005,4.90,0.53,0.58,0.17,0.25
ELEANOR,LEON,006,6.45,0.58,0.58,0.17,0.25
MADISON,CARDENAS,003,37.89,0.59,0.58,0.17,0.25
LAYLA,DELEON,004,23.79,0.63,0.58,0.17,0.25
ARIA,RIVAS,006,3.83,0.59,0.58,0.17,0.25
CHLOE,CALDERON,002,30.26,0.6,0.58,0.17,0.25
GRACE,ROSALES,002,37.56,0.6,0.58,0.17,0.25
ELLIE,SERRANO,002,31.13,0.64,0.58,0.17,0.25
NORA,CASTANEDA,004,27.77,0.56,0.58,0.17,0.25
HAZEL,TRUJILLO,004,17.50,0.58,0.58,0.17,0.25
ZOEY,MONTOYA,005,30.01,0.61,0.58,0.17,0.25
VICTORIA,PACHECO,004,31.21,0.54,0.58,0.17,0.25
LILY,OROZCO,003,36.18,0.58,0.58,0.17,0.25
VIOLET,IBARRA,006,25.24,0.62,0.58,0.17,0.25
HANNAH,VALENCIA,002,32.72,0.55,0.58,0.17,0.25
EMILIA,GALLEGOS,004,4.75,0.64,0.58,0.17,0.25
ZOE,VELAZQUEZ,003,8.60,0.51,0.58,0.17,0.25
STELLA,CAMACHO,002,29.22,0.51,0.58,0.17,0.25
EVERLY,GUERRA,006,28.31,0.54,0.58,0.17,0.25
ISLA,COLON,004,30.01,0.57,0.58,0.17,0.25
LEAH,ESCOBAR,005,24.84,0.61,0.58,0.17,0.25
LILLIAN,SUAREZ,006,0.53,0.57,0.58,0.17,0.25
ADDISON,SALAS,003,30.55,0.59,0.58,0.17,0.25
WILLOW,SMITH,001,22.55,0.62,0.58,0.17,0.25
LUCY,MACIAS,001,24.32,0.65,0.58,0.17,0.25
PAISLEY,VILLARREAL,003,28.97,0.52,0.58,0.17,0.25
NATALIE,BARRERA,005,22.82,0.57,0.58,0.17,0.25
NAOMI,FRANCO,004,27.95,0.56,0.58,0.17,0.25
ELIANA,ZAMORA,002,31.81,0.63,0.58,0.17,0.25
BROOKLYN,DELACRUZ,002,19.04,0.53,0.58,0.17,0.25
ELENA,SANTANA,005,28.68,0.51,0.58,0.17,0.25
AUBREY,ROMAN,006,31.26,0.58,0.58,0.17,0.25
CLAIRE,PINEDA,002,25.27,0.62,0.58,0.17,0.25
IVY,TREVINO,003,23.44,0.63,0.58,0.17,0.25
KINSLEY,RANGEL,001,19.61,0.5,0.58,0.17,0.25
AUDREY,ARIAS,005,22.49,0.64,0.58,0.17,0.25
MAYA,LOZANO,003,29.69,0.6,0.58,0.17,0.25
SKYLAR,ZUNIGA,002,30.60,0.62,0.58,0.17,0.25
BELLA,MERCADO,004,2.46,0.52,0.58,0.17,0.25
AALIYAH,MELENDEZ,001,22.52,0.55,0.58,0.17,0.25
MADELYN,MORA,006,36.92,0.57,0.58,0.17,0.25
SAVANNAH,VALENZUELA,002,25.48,0.58,0.58,0.17,0.25
ANNA,ANDRADE,002,30.18,0.51,0.58,0.17,0.25
DELILAH,MEZA,004,23.87,0.51,0.58,0.17,0.25
SERENITY,VILLANUEVA,003,33.94,0.63,0.58,0.17,0.25
CAROLINE,GALVAN,003,21.53,0.64,0.58,0.17,0.25
KENNEDY,TAPIA,003,4.33,0.64,0.58,0.17,0.25
VALENTINA,ZAVALA,004,28.87,0.59,0.58,0.17,0.25
RUBY,SOSA,003,28.95,0.51,0.58,0.17,0.25
SOPHIE,VELEZ,004,21.01,0.52,0.58,0.17,0.25
ALICE,CISNEROS,003,10.02,0.63,0.58,0.17,0.25
GABRIELLA,BENITEZ,006,32.94,0.64,0.58,0.17,0.25
SADIE,ACEVEDO,001,27.03,0.56,0.58,0.17,0.25
ARIANA,BONILLA,003,37.63,0.59,0.58,0.17,0.25
ALLISON,ARROYO,005,37.68,0.57,0.58,0.17,0.25
HAILEY,VILLA,005,36.33,0.56,0.58,0.17,0.25
AUTUMN,RUBIO,005,31.30,0.63,0.58,0.17,0.25
NEVAEH,BAUTISTA,002,31.56,0.52,0.58,0.17,0.25
NATALIA,ARELLANO,001,40.18,0.53,0.58,0.17,0.25
JOSEPHINE,JOHNSON,002,31.12,0.59,0.58,0.17,0.25
SARAH,PONCE,003,29.00,0.52,0.58,0.17,0.25
SAMANTHA,HUERTA,003,36.09,0.65,0.58,0.17,0.25
PIPER,BELTRAN,005,30.31,0.57,0.58,0.17,0.25
LEILANI,ROCHA,002,24.30,0.63,0.58,0.17,0.25
EVA,VILLEGAS,002,25.85,0.58,0.58,0.17,0.25
EVERLEIGH,CANTU,003,24.58,0.63,0.58,0.17,0.25
MADELINE,MONTES,006,22.93,0.52,0.58,0.17,0.25
LYDIA,BARAJAS,001,16.65,0.58,0.58,0.17,0.25
JADE,MATA,002,25.99,0.62,0.58,0.17,0.25
BRIELLE,MURILLO,003,31.80,0.63,0.58,0.17,0.25
ADELINE,ROSAS,003,25.01,0.6,0.58,0.17,0.25
VIVIAN,CORTES,006,19.04,0.51,0.58,0.17,0.25
RYLEE,GUEVARA,002,23.57,0.63,0.58,0.17,0.25
CLARA,SALGADO,005,22.24,0.64,0.58,0.17,0.25
RAELYNN,ROSARIO,003,34.80,0.54,0.58,0.17,0.25
MELANIE,PALACIOS,004,30.44,0.5,0.58,0.17,0.25
MELODY,DAVILA,001,21.51,0.57,0.58,0.17,0.25
JULIA,WILLIAMS,001,30.83,0.57,0.58,0.17,0.25
MARIA,ESPARZA,004,20.52,0.65,0.58,0.17,0.25
HADLEY,CUEVAS,002,30.90,0.64,0.58,0.17,0.25
ARYA,CORDOVA,003,28.95,0.56,0.58,0.17,0.25
ROSE,MARTIN,005,30.15,0.64,0.58,0.17,0.25
REAGAN,TREJO,005,26.72,0.53,0.58,0.17,0.25
ELIZA,QUINTERO,006,14.55,0.51,0.58,0.17,0.25
ADALYNN,MARIN,006,26.59,0.58,0.58,0.17,0.25
KAYLEE,BRAVO,006,19.48,0.61,0.58,0.17,0.25
LYLA,CORONA,004,6.26,0.53,0.58,0.17,0.25
MACKENZIE,MEDRANO,004,28.10,0.62,0.58,0.17,0.25
ALAIA,NAVA,002,38.34,0.53,0.58,0.17,0.25
ISABELLE,MAGANA,004,15.71,0.62,0.58,0.17,0.25
ARIANNA,DEJESUS,004,27.72,0.56,0.58,0.17,0.25
MARY,BROWN,004,32.37,0.62,0.58,0.17,0.25
MARGARET,PORTILLO,005,31.71,0.56,0.58,0.17,0.25
IRIS,VILLALOBOS,002,32.29,0.64,0.58,0.17,0.25
XIMENA,ENRIQUEZ,001,31.56,0.62,0.58,0.17,0.25
AYLA,ESQUIVEL,003,28.96,0.63,0.58,0.17,0.25
KYLIE,AVALOS,003,31.60,0.63,0.58,0.17,0.25
ELLIANA,BERNAL,001,36.12,0.62,0.58,0.17,0.25
KATHERINE,LUGO,006,31.62,0.55,0.58,0.17,0.25
FAITH,DUARTE,006,29.41,0.65,0.58,0.17,0.25
ALEXANDRA,CANO,004,19.43,0.53,0.58,0.17,0.25
ELOISE,PARRA,003,31.00,0.54,0.58,0.17,0.25
ADALYN,ESPINOSA,006,31.66,0.51,0.58,0.17,0.25
AMAYA,GALINDO,002,27.02,0.56,0.58,0.17,0.25
JASMINE,DELAROSA,003,23.67,0.52,0.58,0.17,0.25
AMARA,QUINTANA,001,3.20,0.54,0.58,0.17,0.25
DAISY,ALFARO,003,37.71,0.51,0.58,0.17,0.25
VALERIE,JARAMILLO,002,21.79,0.54,0.58,0.17,0.25
BRIANNA,LUCERO,005,18.60,0.5,0.58,0.17,0.25
CECILIA,CORREA,006,22.86,0.53,0.58,0.17,0.25
ANDREA,JONES,005,24.48,0.62,0.58,0.17,0.25
NORAH,REYNA,002,31.40,0.65,0.58,0.17,0.25
ARIELLA,SIERRA,004,6.98,0.53,0.58,0.17,0.25
ESTHER,NIEVES,002,24.81,0.61,0.58,0.17,0.25
ASHLEY,SALDANA,002,18.31,0.57,0.58,0.17,0.25
AUBREE,QUINONES,005,22.05,0.58,0.58,0.17,0.25
ISABEL,PERALTA,004,34.98,0.63,0.58,0.17,0.25
ANASTASIA,BECERRA,006,17.68,0.5,0.58,0.17,0.25
RYLEIGH,AMAYA,003,29.49,0.51,0.58,0.17,0.25
KHLOE,SAENZ,002,31.33,0.57,0.58,0.17,0.25
LONDYN,TOVAR,005,25.29,0.51,0.58,0.17,0.25
EMERSYN,VERA,002,23.59,0.63,0.58,0.17,0.25
CALLIE,LEAL,006,7.29,0.58,0.58,0.17,0.25
SIENNA,CARDONA,004,27.65,0.55,0.58,0.17,0.25
BLAKELY,AGUILERA,003,21.02,0.63,0.58,0.17,0.25
KEHLANI,ZAPATA,004,33.21,0.55,0.58,0.17,0.25
GENEVIEVE,BAEZ,002,28.00,0.52,0.58,0.17,0.25
ALINA,VENTURA,003,7.64,0.65,0.58,0.17,0.25
BAILEY,BARRIOS,002,26.85,0.59,0.58,0.17,0.25
JUNIPER,CASTELLANOS,001,28.29,0.64,0.58,0.17,0.25
MAEVE,CARRASCO,005,26.03,0.54,0.58,0.17,0.25
MOLLY,SAUCEDO,005,24.63,0.62,0.58,0.17,0.25
HARMONY,GALLARDO,005,29.51,0.63,0.58,0.17,0.25
GEORGIA,HURTADO,001,23.69,0.57,0.58,0.17,0.25
MAGNOLIA,GUILLEN,006,29.67,0.65,0.58,0.17,0.25
CATALINA,ALONSO,001,24.43,0.55,0.58,0.17,0.25
FREYA,OSORIO,004,22.58,0.56,0.58,0.17,0.25
JULIETTE,MUNIZ,004,36.68,0.51,0.58,0.17,0.25
SLOANE,ZEPEDA,005,28.17,0.55,0.58,0.17,0.25
JUNE,ESCOBEDO,004,29.83,0.53,0.58,0.17,0.25
SARA,ARREDONDO,004,38.83,0.55,0.58,0.17,0.25
KIMBERLY,SEGURA,005,3.69,0.53,0.58,0.17,0.25
EMBER,VALLE,005,24.52,0.6,0.58,0.17,0.25
JULIANA,MORAN,003,40.72,0.56,0.58,0.17,0.25
ALIYAH,DAVIS,006,21.00,0.57,0.58,0.17,0.25
MILLIE,VELASCO,006,6.99,0.56,0.58,0.17,0.25
BRYNLEE,CARRANZA,006,33.09,0.54,0.58,0.17,0.25
TEAGAN,FELIX,005,29.37,0.56,0.58,0.17,0.25
JORDYN,RENTERIA,005,19.14,0.62,0.58,0.17,0.25
ALAINA,BLANCO,002,18.10,0.65,0.58,0.17,0.25
OLIVE,OLVERA,004,33.39,0.55,0.58,0.17,0.25
ALYSSA,CORDERO,006,32.09,0.57,0.58,0.17,0.25
ARABELLA,QUIROZ,001,21.45,0.64,0.58,0.17,0.25
JOURNEE,LEMUS,004,27.11,0.53,0.58,0.17,0.25
HOPE,CABALLERO,005,6.28,0.62,0.58,0.17,0.25
LEILA,CHACON,003,22.49,0.64,0.58,0.17,0.25
ALANA,CORONADO,006,31.68,0.58,0.58,0.17,0.25
GEMMA,ORELLANA,002,34.98,0.6,0.58,0.17,0.25
VANESSA,MADRIGAL,001,25.12,0.56,0.58,0.17,0.25
GRACIE,DELATORRE,004,23.04,0.51,0.58,0.17,0.25
NOELLE,MILLER,005,30.30,0.5,0.58,0.17,0.25
ELISE,GRANADOS,003,31.30,0.63,0.58,0.17,0.25
PRESLEY,PAREDES,006,7.55,0.62,0.58,0.17,0.25
KAMILA,QUEZADA,001,23.57,0.61,0.58,0.17,0.25
ZARA,CARMONA,003,39.81,0.64,0.58,0.17,0.25
AMY,LEYVA,006,21.03,0.5,0.58,0.17,0.25
KAYLA,HINOJOSA,001,25.53,0.61,0.58,0.17,0.25
PAYTON,ROSADO,002,31.36,0.55,0.58,0.17,0.25
RUTH,VIGIL,005,36.25,0.56,0.58,0.17,0.25
ALANI,VARELA,005,32.61,0.5,0.58,0.17,0.25
ANNABELLE,YANEZ,003,17.10,0.51,0.58,0.17,0.25
ASPEN,BERMUDEZ,001,28.85,0.56,0.58,0.17,0.25
LAILA,ROMO,002,22.81,0.59,0.58,0.17,0.25
LILA,AVILES,004,27.02,0.52,0.58,0.17,0.25
RACHEL,MONTANO,003,31.55,0.6,0.58,0.17,0.25
TRINITY,NIETO,002,32.49,0.56,0.58,0.17,0.25
DANIELA,VELA,003,35.42,0.54,0.58,0.17,0.25
ALEXA,URIBE,005,5.78,0.61,0.58,0.17,0.25
LILLY,SERNA,002,21.08,0.65,0.58,0.17,0.25
LAUREN,GAMEZ,004,31.38,0.5,0.58,0.17,0.25
ELSIE,NAVARRETE,005,25.80,0.63,0.58,0.17,0.25
MARGOT,RICO,004,33.03,0.52,0.58,0.17,0.25
ADELYN,OLIVARES,002,24.58,0.52,0.58,0.17,0.25
ZURI,GIL,004,29.56,0.65,0.58,0.17,0.25
BROOKE,PAZ,005,38.55,0.62,0.58,0.17,0.25
LILAH,BACA,006,24.22,0.59,0.58,0.17,0.25
SELENA,BURGOS,002,24.03,0.62,0.58,0.17,0.25
MYA,CANALES,003,25.38,0.51,0.58,0.17,0.25
SYDNEY,ANAYA,005,29.36,0.56,0.58,0.17,0.25
DIANA,BARRAGAN,004,27.91,0.51,0.58,0.17,0.25
ANA,BARRON,001,30.08,0.64,0.58,0.17,0.25
ALAYNA,MADRID,001,27.94,0.52,0.58,0.17,0.25
NYLA,AREVALO,006,30.69,0.52,0.58,0.17,0.25
ELAINA,BENAVIDES,006,24.32,0.53,0.58,0.17,0.25
REBECCA,SOLANO,005,23.76,0.54,0.58,0.17,0.25
ANGELA,REYNOSO,005,8.68,0.59,0.58,0.17,0.25
KALI,ROSA,001,6.22,0.64,0.58,0.17,0.25
ALIVIA,BUSTAMANTE,005,36.40,0.63,0.58,0.17,0.25
RAEGAN,ARAGON,001,19.45,0.59,0.58,0.17,0.25
PHOEBE,MONTALVO,002,21.19,0.64,0.58,0.17,0.25
CAMILLA,ORNELAS,006,19.38,0.53,0.58,0.17,0.25
JOANNA,CASILLAS,002,37.22,0.54,0.58,0.17,0.25
MALIA,TELLEZ,004,8.80,0.63,0.58,0.17,0.25
VIVIENNE,QUINTANILLA,005,32.79,0.56,0.58,0.17,0.25
BROOKLYNN,WILSON,002,29.19,0.62,0.58,0.17,0.25
EVANGELINE,ALEMAN,004,30.45,0.62,0.58,0.17,0.25
CAMILLE,OCAMPO,001,31.84,0.55,0.58,0.17,0.25
JANE,PRADO,005,22.74,0.55,0.58,0.17,0.25
NICOLE,PINA,003,18.29,0.59,0.58,0.17,0.25
CATHERINE,CARBAJAL,003,30.54,0.53,0.58,0.17,0.25
JOCELYN,VALADEZ,002,7.64,0.54,0.58,0.17,0.25
JULIANNA,OJEDA,005,6.44,0.56,0.58,0.17,0.25
LENA,GODINEZ,005,18.47,0.51,0.58,0.17,0.25
LUCILLE,ARREOLA,003,30.86,0.52,0.58,0.17,0.25
MCKENNA,RODRIQUEZ,004,16.45,0.74,0.58,0.17,0.25
PAIGE,CUELLAR,001,7.11,0.77,0.58,0.17,0.25
ADELAIDE,AMADOR,005,5.28,0.69,0.58,0.17,0.25
CHARLEE,FONSECA,004,27.74,0.74,0.58,0.17,0.25
MARIANA,PAGAN,005,29.51,0.67,0.58,0.17,0.25
MYLA,HIDALGO,005,31.79,0.67,0.58,0.17,0.25
MCKENZIE,SOTELO,005,30.65,0.72,0.58,0.17,0.25
TESSA,VENEGAS,006,29.78,0.79,0.58,0.17,0.25
MIRIAM,ESCAMILLA,003,30.68,0.8,0.58,0.17,0.25
KAILANI,BETANCOURT,004,29.26,0.74,0.58,0.17,0.25
ALAYAH,ZARATE,005,17.58,0.79,0.58,0.17,0.25
AMIRA,YBARRA,003,20.42,0.8,0.58,0.17,0.25
ADALINE,PATINO,001,28.61,0.68,0.58,0.17,0.25
MILANI,THOMAS,005,23.64,0.7,0.58,0.17,0.25
ANNIE,ANDERSON,004,3.87,0.7,0.58,0.17,0.25
LIA,LUJAN,005,31.89,0.66,0.58,0.17,0.25
ANGELINA,MARRERO,001,21.51,0.74,0.58,0.17,0.25
CALI,POLANCO,003,22.75,0.75,0.58,0.17,0.25
MAGGIE,ESCALANTE,002,31.15,0.77,0.58,0.17,0.25
LEIA,OTERO,006,28.66,0.74,0.58,0.17,0.25
FIONA,MARROQUIN,002,34.79,0.71,0.58,0.17,0.25
BRIELLA,ARTEAGA,002,38.16,0.65,0.58,0.17,0.25
JOURNEY,TAYLOR,001,38.98,0.65,0.58,0.17,0.25
SAYLOR,OLIVAS,001,26.19,0.7,0.58,0.17,0.25
JAYLA,VALDES,002,5.01,0.78,0.58,0.17,0.25
KAIA,LINARES,005,33.53,0.78,0.58,0.17,0.25
THEA,ARRIAGA,004,24.24,0.65,0.58,0.17,0.25
ADRIANA,RENDON,004,18.17,0.65,0.58,0.17,0.25
MARIAH,FELICIANO,006,35.83,0.78,0.58,0.17,0.25
JULIET,CASAS,001,36.59,0.73,0.58,0.17,0.25
OAKLYNN,SEPULVEDA,006,25.85,0.75,0.58,0.17,0.25
KIARA,SORIANO,003,15.85,0.78,0.58,0.17,0.25
HAVEN,GALVEZ,005,5.54,0.75,0.58,0.17,0.25
ANIYAH,LEDESMA,003,29.32,0.78,0.58,0.17,0.25
DELANEY,BANUELOS,002,25.48,0.8,0.58,0.17,0.25
GRACELYNN,BRITO,006,20.79,0.76,0.58,0.17,0.25
KENDALL,JACKSON,006,24.67,0.78,0.58,0.17,0.25
WINTER,BARRIENTOS,004,31.49,0.8,0.58,0.17,0.25
LILITH,ZARAGOZA,005,21.62,0.72,0.58,0.17,0.25
AMIYAH,PRIETO,003,20.97,0.71,0.58,0.17,0.25
EVIE,ARANDA,006,21.92,0.68,0.58,0.17,0.25
ALEXANDRIA,MONDRAGON,003,28.54,0.78,0.58,0.17,0.25
GRACELYN,VALLEJO,005,37.20,0.66,0.58,0.17,0.25
GABRIELA,COVARRUBIAS,001,30.86,0.72,0.58,0.17,0.25
HARLOW,NAJERA,005,30.20,0.75,0.58,0.17,0.25
MADILYN,MENA,003,23.75,0.74,0.58,0.17,0.25
MAKAYLA,CHAVARRIA,005,29.73,0.66,0.58,0.17,0.25
EVELYNN,SAAVEDRA,005,24.21,0.65,0.58,0.17,0.25
GIA,PULIDO,005,27.57,0.78,0.58,0.17,0.25
NINA,MATOS,004,28.77,0.73,0.58,0.17,0.25
AMINA,BARRAZA,006,29.00,0.7,0.58,0.17,0.25
GISELLE,ALARCON,002,24.53,0.77,0.58,0.17,0.25
BRYNN,ARCE,003,24.88,0.69,0.58,0.17,0.25
BLAIR,JAIMES,006,27.10,0.67,0.58,0.17,0.25
MICHELLE,CEJA,006,8.86,0.66,0.58,0.17,0.25
TALIA,MOORE,006,36.54,0.78,0.58,0.17,0.25
DEMI,ARGUETA,001,25.80,0.72,0.58,0.17,0.25
ALAYA,NEGRON,003,30.53,0.67,0.58,0.17,0.25
KAYLANI,ORDONEZ,002,27.77,0.66,0.58,0.17,0.25
IZABELLA,GAMBOA,001,31.03,0.73,0.58,0.17,0.25
FATIMA,CERDA,001,27.41,0.69,0.58,0.17,0.25
MAKENZIE,THOMPSON,006,28.84,0.78,0.58,0.17,0.25
LILLIANA,VALENTIN,004,11.44,0.72,0.58,0.17,0.25
ARIELLE,SALCEDO,004,32.47,0.71,0.58,0.17,0.25
PALMER,HEREDIA,004,23.16,0.75,0.58,0.17,0.25
MELISSA,CORNEJO,005,26.25,0.7,0.58,0.17,0.25
WILLA,ALCALA,004,22.92,0.73,0.58,0.17,0.25
SAMARA,ALONZO,003,26.41,0.69,0.58,0.17,0.25
DESTINY,MOYA,005,24.77,0.79,0.58,0.17,0.25
DAHLIA,MIRELES,005,18.07,0.66,0.58,0.17,0.25
CELESTE,SALDIVAR,001,7.65,0.74,0.58,0.17,0.25
AINSLEY,CAVAZOS,004,22.07,0.68,0.58,0.17,0.25
RYLIE,PIMENTEL,002,8.92,0.7,0.58,0.17,0.25
LAURA,LONGORIA,005,30.00,0.73,0.58,0.17,0.25
ADELYNN,ANGUIANO,001,29.45,0.65,0.58,0.17,0.25
GABRIELLE,WHITE,001,30.82,0.78,0.58,0.17,0.25
WREN,NEVAREZ,006,37.66,0.69,0.58,0.17,0.25
BRINLEY,CRESPO,003,34.62,0.76,0.58,0.17,0.25
AMORA,ZAMBRANO,005,31.91,0.77,0.58,0.17,0.25
LAINEY,BALDERAS,003,30.25,0.72,0.58,0.17,0.25
COLLINS,CAZARES,004,25.36,0.7,0.58,0.17,0.25
LEXI,RINCON,001,27.09,0.67,0.58,0.17,0.25
AITANA,ONTIVEROS,002,22.01,0.79,0.58,0.17,0.25
ALESSANDRA,ESPINAL,006,8.77,0.8,0.58,0.17,0.25
KENZIE,ALANIZ,006,30.09,0.74,0.58,0.17,0.25
RAELYN,TOLEDO,003,28.47,0.69,0.58,0.17,0.25
ELLE,CORRAL,003,23.47,0.66,0.58,0.17,0.25
EVERLEE,TORREZ,001,39.25,0.75,0.58,0.17,0.25
HAISLEY,DELOSSANTOS,004,28.89,0.77,0.58,0.17,0.25
HALLIE,ROBLEDO,003,2.83,0.71,0.58,0.17,0.25
WYNTER,MONTANEZ,005,30.57,0.66,0.58,0.17,0.25
DALEYZA,BUSTOS,005,21.23,0.74,0.58,0.17,0.25
GWENDOLYN,ADAME,004,25.32,0.76,0.58,0.17,0.25
PAISLEE,PALMA,002,22.26,0.72,0.58,0.17,0.25
ARIYAH,VALDIVIA,001,28.39,0.75,0.58,0.17,0.25
VERONICA,ABREU,002,8.70,0.8,0.58,0.17,0.25
HEIDI,HOLGUIN,006,30.99,0.73,0.58,0.17,0.25
ANAYA,FRIAS,004,5.39,0.71,0.58,0.17,0.25
CATALEYA,ACUNA,005,26.22,0.79,0.58,0.17,0.25
KIRA,VIDAL,004,39.08,0.71,0.58,0.17,0.25
AVIANNA,HENRIQUEZ,002,32.02,0.75,0.58,0.17,0.25
FELICITY,MONTERO,001,23.90,0.77,0.58,0.17,0.25
AYLIN,CARRERA,005,31.15,0.8,0.58,0.17,0.25
MIRACLE,BUENO,002,8.07,0.8,0.58,0.17,0.25
SABRINA,CEBALLOS,002,31.37,0.65,0.58,0.17,0.25
LANA,BATISTA,001,21.98,0.76,0.58,0.17,0.25
OPHELIA,DELGADILLO,004,32.30,0.74,0.58,0.17,0.25
ELIANNA,ESPINO,004,28.50,0.74,0.58,0.17,0.25
ROYALTY,CLARK,002,29.84,0.69,0.58,0.17,0.25
MADELEINE,PANTOJA,004,33.32,0.8,0.58,0.17,0.25
ESMERALDA,OLIVA,006,8.54,0.75,0.58,0.17,0.25
JOY,NEGRETE,006,26.78,0.78,0.58,0.17,0.25
KALANI,NARANJO,001,15.37,0.8,0.58,0.17,0.25
ESME,APONTE,005,31.65,0.74,0.58,0.17,0.25
JESSICA,ELIZONDO,005,36.97,0.76,0.58,0.17,0.25
ARIAH,CHAPA,006,30.11,0.74,0.58,0.17,0.25
MAKENNA,SOLORZANO,003,31.02,0.73,0.58,0.17,0.25
NYLAH,AQUINO,002,37.68,0.66,0.58,0.17,0.25
VIVIANA,URBINA,001,17.35,0.75,0.58,0.17,0.25
CAMRYN,HARRIS,004,28.88,0.74,0.58,0.17,0.25
CASSIDY,GAYTAN,006,35.45,0.79,0.58,0.17,0.25
DREAM,RESENDIZ,003,38.20,0.73,0.58,0.17,0.25
LUCIANA,ALMANZA,001,17.49,0.67,0.58,0.17,0.25
MAISIE,PUENTE,001,19.96,0.66,0.58,0.17,0.25
STEVIE,TAMAYO,004,25.11,0.66,0.58,0.17,0.25
KATE,ROBINSON,005,19.39,0.7,0.58,0.17,0.25
DANIELLA,LEWIS,001,37.54,0.7,0.58,0.17,0.25
ALICIA,MONROY,005,35.44,0.69,0.58,0.17,0.25
DAPHNE,TEJEDA,001,23.27,0.75,0.58,0.17,0.25
FRANCES,ARMENTA,001,26.51,0.72,0.58,0.17,0.25
CHARLI,TEJADA,006,33.14,0.76,0.58,0.17,0.25
RAVEN,PERALES,004,27.89,0.78,0.58,0.17,0.25
PARIS,FARIAS,003,29.68,0.78,0.58,0.17,0.25
NAYELI,GIRON,002,28.24,0.72,0.58,0.17,0.25
SERENA,VILLASENOR,001,22.48,0.78,0.58,0.17,0.25
HEAVEN,LIRA,003,35.67,0.67,0.58,0.17,0.25
HELEN,COLLAZO,001,5.07,0.77,0.58,0.17,0.25
HATTIE,NORIEGA,006,32.19,0.8,0.58,0.17,0.25
AVERIE,LIMON,002,34.13,0.68,0.58,0.17,0.25
MABEL,LEE,005,5.32,0.72,0.58,0.17,0.25
SELAH,MOJICA,006,37.53,0.78,0.58,0.17,0.25
ALLIE,SOLORIO,003,23.03,0.71,0.58,0.17,0.25
MARLEE,CENTENO,001,34.74,0.76,0.58,0.17,0.25
KINLEY,ARAUJO,003,30.32,0.76,0.58,0.17,0.25
REGINA,BANDA,002,7.78,0.8,0.58,0.17,0.25
CARMEN,RODRIGUES,001,35.86,0.65,0.58,0.17,0.25
JENNIFER,MACHADO,005,33.89,0.67,0.58,0.17,0.25
ALISON,APARICIO,003,5.61,0.7,0.58,0.17,0.25
STEPHANIE,SORIA,003,35.60,0.7,0.58,0.17,0.25
MAREN,ANGEL,002,16.59,0.8,0.58,0.17,0.25
KAYLEIGH,GARAY,001,31.75,0.73,0.58,0.17,0.25
ANNALISE,WALKER,006,31.53,0.69,0.58,0.17,0.25
JACQUELINE,IRIZARRY,006,23.79,0.68,0.58,0.17,0.25
BRAELYNN,LOERA,003,38.64,0.67,0.58,0.17,0.25
ROSEMARY,GUAJARDO,003,22.70,0.73,0.58,0.17,0.25
SCARLET,YOUNG,005,36.30,0.68,0.58,0.17,0.25
AMANDA,JASSO,005,28.59,0.72,0.58,0.17,0.25
DANIELLE,VERGARA,003,26.72,0.72,0.58,0.17,0.25
EMELIA,ULLOA,004,23.46,0.76,0.58,0.17,0.25
CAROLINA,JAIME,004,20.13,0.75,0.58,0.17,0.25
ASTRID,ALCANTAR,004,24.03,0.75,0.58,0.17,0.25
KENSLEY,ELIAS,005,25.40,0.69,0.58,0.17,0.25
MACI,GARIBAY,004,5.16,0.77,0.58,0.17,0.25
CELINE,MARES,004,29.40,0.69,0.58,0.17,0.25
ZARIAH,TIRADO,002,5.05,0.78,0.58,0.17,0.25
LIANA,BRIONES,003,31.28,0.7,0.58,0.17,0.25
POPPY,AGUAYO,003,38.42,0.8,0.58,0.17,0.25
MALIYAH,SANTILLAN,001,25.26,0.74,0.58,0.17,0.25
KEIRA,GUARDADO,004,27.87,0.76,0.58,0.17,0.25
NOA,MOTA,003,32.99,0.76,0.58,0.17,0.25
SKYE,FAJARDO,001,28.02,0.69,0.58,0.17,0.25
NADIA,SEGOVIA,006,9.49,0.74,0.58,0.17,0.25
ADDILYN,VALLES,004,25.41,0.67,0.58,0.17,0.25
ROSIE,PADRON,001,5.11,0.77,0.58,0.17,0.25
SARAI,FIERRO,002,35.54,0.68,0.58,0.17,0.25
EDITH,MUNGUIA,004,26.24,0.7,0.58,0.17,0.25
JOLENE,PEDRAZA,006,35.15,0.66,0.58,0.17,0.25
MADDISON,JAUREGUI,002,31.03,0.71,0.58,0.17,0.25
MEADOW,ALLEN,001,29.25,0.68,0.58,0.17,0.25
CHARLEIGH,LORENZO,004,38.29,0.74,0.58,0.17,0.25
MATILDA,KING,001,20.44,0.71,0.58,0.17,0.25
MADELYNN,DUENAS,005,22.88,0.74,0.58,0.17,0.25
HOLLY,ANGULO,003,26.08,0.71,0.58,0.17,0.25
AZALEA,PRECIADO,005,41.32,0.65,0.58,0.17,0.25
KATIE,ZELAYA,001,37.83,0.65,0.58,0.17,0.25
MIRA,REGALADO,004,20.05,0.73,0.58,0.17,0.25
KAITLYN,ARMENDARIZ,002,40.17,0.66,0.58,0.17,0.25
KYLA,ROQUE,003,31.37,0.73,0.58,0.17,0.25
BRISTOL,MONTIEL,002,7.18,0.79,0.58,0.17,0.25
KORA,LOMELI,001,31.57,0.67,0.58,0.17,0.25
NIA,BARBOSA,004,30.72,0.77,0.58,0.17,0.25
MALANI,ALTAMIRANO,001,28.48,0.78,0.58,0.17,0.25
MAIA,LERMA,003,24.27,0.69,0.58,0.17,0.25
ALESSIA,BERRIOS,004,16.39,0.65,0.58,0.17,0.25
SHELBY,ROLDAN,001,31.76,0.74,0.58,0.17,0.25
MARYAM,GREEN,006,23.37,0.65,0.58,0.17,0.25
SYLVIA,MESA,003,25.03,0.73,0.58,0.17,0.25
YARETZI,FERRER,004,32.19,0.75,0.58,0.17,0.25
LORELEI,CARABALLO,005,28.52,0.76,0.58,0.17,0.25
MADILYNN,SCOTT,005,6.80,0.79,0.58,0.17,0.25
JIMENA,BENAVIDEZ,006,25.89,0.67,0.58,0.17,0.25
ELISA,CACERES,004,23.48,0.78,0.58,0.17,0.25
RENATA,VALLADARES,005,30.24,0.75,0.58,0.17,0.25
AMBER,RAZO,002,5.16,0.75,0.58,0.17,0.25
AVIANA,CINTRON,001,17.83,0.77,0.58,0.17,0.25
EMMY,BOLANOS,002,23.78,0.74,0.58,0.17,0.25
HALEY,MATEO,001,33.37,0.78,0.58,0.17,0.25
ALONDRA,JACOBO,005,0.00,0.71,0.58,0.17,0.25
ELAINE,ALICEA,001,29.64,0.7,0.58,0.17,0.25
ERIN,QUINONEZ,002,31.62,0.65,0.58,0.17,0.25
APRIL,ESTRELLA,002,27.64,0.7,0.58,0.17,0.25
EMELY,CARREON,004,22.79,0.71,0.58,0.17,0.25
IMANI,ADAMS,004,24.08,0.69,0.58,0.17,0.25
KENNEDI,RUVALCABA,004,31.18,0.69,0.58,0.17,0.25
LORELAI,RUELAS,005,33.65,0.65,0.58,0.17,0.25
HANNA,ALMONTE,004,30.02,0.77,0.58,0.17,0.25
KELSEY,BELLO,004,17.21,0.7,0.58,0.17,0.25
AURELIA,PORRAS,004,22.81,0.77,0.58,0.17,0.25
COLETTE,HILL,005,25.59,0.74,0.58,0.17,0.25
JALIYAH,NELSON,004,23.21,0.8,0.58,0.17,0.25
KYLEE,WRIGHT,002,9.55,0.77,0.58,0.17,0.25
MACIE,LOYA,003,32.67,0.67,0.58,0.17,0.25
DOROTHY,ZAMUDIO,004,27.73,0.73,0.58,0.17,0.25
CHARLEY,ALCARAZ,003,25.40,0.71,0.58,0.17,0.25
KATHRYN,FALCON,005,35.45,0.66,0.58,0.17,0.25
ADELINA,BOTELLO,005,8.99,0.73,0.58,0.17,0.25
ADLEY,CADENA,004,35.61,0.75,0.58,0.17,0.25
MONROE,ALBA,003,16.52,0.77,0.58,0.17,0.25
SIERRA,CABRAL,006,30.09,0.76,0.58,0.17,0.25
AILANI,CAMARENA,002,28.33,0.7,0.58,0.17,0.25
MIRANDA,ARCHULETA,005,20.04,0.73,0.58,0.17,0.25
MIKAYLA,VILLAGOMEZ,005,26.52,0.76,0.58,0.17,0.25
ALEJANDRA,CARLOS,002,31.53,0.65,0.58,0.17,0.25
AMIRAH,BALTAZAR,001,26.72,0.69,0.58,0.17,0.25
JADA,LAZO,005,24.95,0.75,0.58,0.17,0.25
JAZLYN,URENA,006,36.73,0.72,0.58,0.17,0.25
JENNA,CEPEDA,004,30.31,0.74,0.58,0.17,0.25
JAYLEEN,LANDEROS,006,29.16,0.67,0.58,0.17,0.25
BEATRICE,ARENAS,002,35.22,0.68,0.58,0.17,0.25
KENDRA,NOLASCO,003,31.83,0.68,0.58,0.17,0.25
LYRA,DELVALLE,006,31.52,0.7,0.58,0.17,0.25
NOLA,ALANIS,006,23.30,0.65,0.58,0.17,0.25
EMBERLY,MERINO,002,5.34,0.8,0.58,0.17,0.25
MCKINLEY,LARIOS,006,16.80,0.73,0.58,0.17,0.25
MYRA,SIFUENTES,003,20.42,0.72,0.58,0.17,0.25
KATALINA,GODOY,002,31.17,0.73,0.58,0.17,0.25
ANTONELLA,RODAS,005,15.92,0.66,0.58,0.17,0.25
ZELDA,PEDROZA,003,17.67,0.79,0.58,0.17,0.25
ALANNA,TELLO,006,31.36,0.77,0.58,0.17,0.25
AMAIA,HARO,002,30.56,0.8,0.58,0.17,0.25
PRISCILLA,ESTEVEZ,005,2.72,0.75,0.58,0.17,0.25
KALIYAH,SAUCEDA,002,10.30,0.74,0.58,0.17,0.25
ITZEL,TRINIDAD,002,5.54,0.73,0.58,0.17,0.25
OAKLYN,CORRALES,004,31.23,0.65,0.58,0.17,0.25
ALMA,CAMARILLO,006,21.01,0.8,0.58,0.17,0.25
MALLORY,BRISENO,001,19.86,0.68,0.58,0.17,0.25
NOVAH,VILLATORO,005,26.24,0.8,0.58,0.17,0.25
AMALIA,AMBRIZ,004,7.96,0.69,0.58,0.17,0.25
FERNANDA,FRANCISCO,004,8.62,0.77,0.58,0.17,0.25
ALIA,PICHARDO,001,7.21,0.75,0.58,0.17,0.25
ANGELICA,CEDILLO,004,22.72,0.69,0.58,0.17,0.25
MAE,AMARO,006,34.99,0.66,0.58,0.17,0.25
GLORIA,LLAMAS,005,31.30,0.69,0.58,0.17,0.25
ARIYA,MENENDEZ,003,32.83,0.78,0.58,0.17,0.25
VIRGINIA,SARMIENTO,006,39.35,0.74,0.58,0.17,0.25
CHEYENNE,NINO,006,6.49,0.79,0.58,0.17,0.25
ALEAH,PANIAGUA,001,17.93,0.68,0.58,0.17,0.25
JEMMA,SERRATO,005,27.81,0.75,0.58,0.17,0.25
HENLEY,TERRAZAS,003,8.05,0.76,0.58,0.17,0.25
MEREDITH,VALDOVINOS,006,29.68,0.71,0.58,0.17,0.25
LEYLA,PEREA,006,32.64,0.68,0.58,0.17,0.25
ENSLEY,DELAGARZA,004,5.13,0.78,0.58,0.17,0.25
ZAHRA,GALARZA,002,28.70,0.65,0.58,0.17,0.25
REINA,SALCIDO,006,21.07,0.68,0.58,0.17,0.25
LYLAH,MANZO,002,21.07,0.66,0.58,0.17,0.25
NALANI,BAHENA,006,28.46,0.78,0.58,0.17,0.25
REYNA,TAVAREZ,001,26.58,0.73,0.58,0.17,0.25
SAIGE,RIVERO,005,31.22,0.66,0.58,0.17,0.25
IVANNA,OLGUIN,001,28.52,0.73,0.58,0.17,0.25
ALEENA,ANGELES,005,30.09,0.72,0.58,0.17,0.25
EMERIE,RAMON,005,22.15,0.7,0.58,0.17,0.25
IVORY,CAMPBELL,005,33.83,0.74,0.58,0.17,0.25
LESLIE,VALERIO,001,21.21,0.74,0.58,0.17,0.25
ALORA,APODACA,006,33.63,0.76,0.58,0.17,0.25
ASHLYN,NARVAEZ,003,29.83,0.65,0.58,0.17,0.25
BETHANY,BAKER,002,23.12,0.74,0.58,0.17,0.25
BONNIE,SANTAMARIA,004,29.18,0.76,0.58,0.17,0.25
SASHA,ROJO,006,23.73,0.7,0.58,0.17,0.25
XIOMARA,MITCHELL,006,31.27,0.71,0.58,0.17,0.25
ADRIANNA,PERDOMO,003,19.22,0.66,0.58,0.17,0.25
DAYANA,ALCANTARA,002,30.09,0.65,0.58,0.17,0.25
CLEMENTINE,CURIEL,005,21.31,0.78,0.58,0.17,0.25
EMMIE,LEDEZMA,006,27.73,0.67,0.58,0.17,0.25
JULIE,CALVILLO,004,31.28,0.73,0.58,0.17,0.25
JULIETA,PAEZ,004,34.45,0.67,0.58,0.17,0.25
BRIANA,MONTENEGRO,002,31.78,0.79,0.58,0.17,0.25
CARLY,ACEVES,005,26.85,0.8,0.58,0.17,0.25
MACY,FLOREZ,003,21.18,0.8,0.58,0.17,0.25
MARIE,OLMOS,002,21.52,0.69,0.58,0.17,0.25
OAKLEE,ALDANA,006,19.61,0.76,0.58,0.17,0.25
CHRISTINA,MACIEL,004,17.90,0.8,0.58,0.17,0.25
MALAYSIA,IGLESIAS,003,22.75,0.84,0.58,0.17,0.25
IRENE,TINOCO,003,28.08,0.86,0.58,0.17,0.25
ANNE,PEREIRA,004,27.62,0.85,0.58,0.17,0.25
ANAHI,TAVERAS,002,31.20,0.84,0.58,0.17,0.25
MARA,VIERA,002,5.13,0.81,0.58,0.17,0.25
RHEA,HALL,001,4.64,0.87,0.58,0.17,0.25
JAYDA,MAYORGA,002,30.28,0.82,0.58,0.17,0.25
MARIAM,PAULINO,001,36.47,0.85,0.58,0.17,0.25
SKYLA,ROBERTS,005,25.53,0.81,0.58,0.17,0.25
SIENA,MOSQUEDA,002,24.61,0.83,0.58,0.17,0.25
ELORA,MILLAN,004,16.20,0.88,0.58,0.17,0.25
MARILYN,MAYA,002,5.25,0.9,0.58,0.17,0.25
JAZMIN,MATIAS,006,34.51,0.81,0.58,0.17,0.25
MEGAN,CARRION,003,26.52,0.81,0.58,0.17,0.25
ROSA,INFANTE,005,6.13,0.83,0.58,0.17,0.25
SAVANNA,BADILLO,001,25.90,0.86,0.58,0.17,0.25
ALLYSON,OLIVAREZ,001,33.70,0.85,0.58,0.17,0.25
CORALINE,ECHEVARRIA,003,30.76,0.86,0.58,0.17,0.25
JOHANNA,ABARCA,003,31.47,0.8,0.58,0.17,0.25
MELANY,CARTER,002,32.60,0.81,0.58,0.17,0.25
CHELSEA,ECHEVERRIA,003,25.29,0.83,0.58,0.17,0.25
MICHAELA,PHILLIPS,001,27.04,0.85,0.58,0.17,0.25
MELINA,MONTEZ,001,21.83,0.8,0.58,0.17,0.25
ANGIE,GAONA,003,31.52,0.86,0.58,0.17,0.25
CASSANDRA,DELUNA,006,32.27,0.9,0.58,0.17,0.25
YARA,LIMA,005,30.98,0.86,0.58,0.17,0.25
KASSIDY,TORO,002,32.95,0.81,0.58,0.17,0.25
LIBERTY,RESENDEZ,004,18.78,0.88,0.58,0.17,0.25
LILIAN,ISLAS,002,31.14,0.8,0.58,0.17,0.25
AVAH,DELRIO,002,5.88,0.9,0.58,0.17,0.25
ANYA,PERSON,004,5.78,0.9,0.58,0.17,0.25
LANEY,LUCAS,004,30.61,0.88,0.58,0.17,0.25
NAVY,CONCEPCION,004,34.72,0.8,0.58,0.17,0.25
OPAL,LEBRON,006,31.24,0.84,0.58,0.17,0.25
AMANI,RUEDA,002,20.54,0.9,0.58,0.17,0.25
ZAYLEE,ARANA,002,31.88,0.85,0.58,0.17,0.25
MINA,PALOMINO,004,20.14,0.83,0.58,0.17,0.25
SLOAN,JORDAN,001,7.04,0.83,0.58,0.17,0.25
ROMINA,OLIVO,001,32.08,0.85,0.58,0.17,0.25
ASHLYNN,LUCIO,006,6.48,0.87,0.58,0.17,0.25
ALIZA,OCASIO,005,37.45,0.86,0.58,0.17,0.25
LIV,MELGAR,006,28.23,0.85,0.58,0.17,0.25
MALAYA,PLASCENCIA,002,31.12,0.88,0.58,0.17,0.25
BLAIRE,EVANS,002,24.00,0.9,0.58,0.17,0.25
JANELLE,CAMARGO,003,18.87,0.89,0.58,0.17,0.25
KARA,CEDENO,002,24.34,0.89,0.58,0.17,0.25
ANALIA,PARTIDA,002,36.76,0.89,0.58,0.17,0.25
HADASSAH,MIRAMONTES,003,33.32,0.88,0.58,0.17,0.25
HAYLEY,INIGUEZ,003,38.69,0.9,0.58,0.17,0.25
KARLA,AVINA,002,29.41,0.85,0.58,0.17,0.25
CHAYA,SANABRIA,005,32.12,0.9,0.58,0.17,0.25
CADENCE,BARRETO,003,30.46,0.9,0.58,0.17,0.25
KYRA,JURADO,001,20.72,0.86,0.58,0.17,0.25
ALENA,LOZA,002,29.23,0.82,0.58,0.17,0.25
ELLIANNA,PARDO,003,30.82,0.8,0.58,0.17,0.25
KATELYN,BARBA,002,31.20,0.87,0.58,0.17,0.25
KIMBER,BARAHONA,004,27.41,0.83,0.58,0.17,0.25
LAUREL,GALICIA,006,22.15,0.86,0.58,0.17,0.25
LINA,MENJIVAR,004,17.51,0.85,0.58,0.17,0.25
CAPRI,ANTONIO,004,33.08,0.9,0.58,0.17,0.25
BRAELYN,EDWARDS,003,31.36,0.89,0.58,0.17,0.25
FAYE,CARDOZA,002,37.88,0.8,0.58,0.17,0.25
KAMIYAH,SANTOYO,003,31.70,0.9,0.58,0.17,0.25
KENNA,SOLIZ,006,31.34,0.8,0.58,0.17,0.25
LOUISE,ALFONSO,003,22.63,0.88,0.58,0.17,0.25
CALLIOPE,MERAZ,006,37.89,0.81,0.58,0.17,0.25
KAYDENCE,RODARTE,006,28.01,0.9,0.58,0.17,0.25
NALA,CHAVIRA,001,32.50,0.85,0.58,0.17,0.25
TIANA,HERNANDES,005,31.26,0.85,0.58,0.17,0.25
SUNNY,COLLINS,001,15.52,0.83,0.58,0.17,0.25
ZARIYAH,MORRIS,002,31.10,0.88,0.58,0.17,0.25
MILANA,CARVAJAL,004,30.97,0.84,0.58,0.17,0.25
GIULIANA,STEWART,004,21.01,0.9,0.58,0.17,0.25
EILEEN,PINTO,002,24.36,0.89,0.58,0.17,0.25
ELODIE,MENDIOLA,003,29.88,0.81,0.58,0.17,0.25
RAYNA,BALLESTEROS,004,25.93,0.82,0.58,0.17,0.25
MONICA,VILLAREAL,006,28.95,0.85,0.58,0.17,0.25
GALILEA,MAGALLANES,001,20.94,0.9,0.58,0.17,0.25
JOURNI,MARTINES,006,5.56,0.87,0.58,0.17,0.25
LARA,MONTELONGO,006,22.91,0.8,0.58,0.17,0.25
MARINA,ALMARAZ,004,6.77,0.87,0.58,0.17,0.25
ALIANA,TAFOYA,006,36.02,0.9,0.58,0.17,0.25
HARMONI,MARISCAL,001,35.71,0.9,0.58,0.17,0.25
HOLLAND,TIJERINA,002,23.22,0.86,0.58,0.17,0.25
EMMALYN,MORGAN,006,33.41,0.89,0.58,0.17,0.25
LAURYN,VICENTE,005,19.67,0.85,0.58,0.17,0.25
CHANEL,MADERA,005,17.10,0.84,0.58,0.17,0.25
TINSLEY,COLLADO,001,30.65,0.82,0.58,0.17,0.25
JESSIE,ROGERS,001,24.88,0.81,0.58,0.17,0.25
LACEY,COTA,003,5.70,0.89,0.58,0.17,0.25
ELYSE,SARABIA,006,20.89,0.89,0.58,0.17,0.25
JANIYAH,CARTAGENA,006,22.73,0.89,0.58,0.17,0.25
JOLIE,BAEZA,003,34.00,0.82,0.58,0.17,0.25
MARLEIGH,GRACIA,004,27.72,0.82,0.58,0.17,0.25
ROSELYN,DEANDA,002,4.83,0.85,0.58,0.17,0.25
LILLIE,LOZADA,005,26.52,0.84,0.58,0.17,0.25
LOUISA,VALVERDE,003,21.65,0.83,0.58,0.17,0.25
MADISYN,MARTE,006,7.67,0.8,0.58,0.17,0.25
PENNY,JAQUEZ,005,25.90,0.85,0.58,0.17,0.25
KINSLEE,TURNER,003,31.61,0.81,0.58,0.17,0.25
TREASURE,MONCADA,002,25.42,0.81,0.58,0.17,0.25
ZANIYAH,ARGUELLO,004,19.12,0.8,0.58,0.17,0.25
ESTELLA,JARA,003,33.57,0.85,0.58,0.17,0.25
JAYLAH,JAMES,003,31.90,0.84,0.58,0.17,0.25
KHALEESI,OVIEDO,002,28.43,0.88,0.58,0.17,0.25
ALEXIA,MANRIQUEZ,005,19.99,0.84,0.58,0.17,0.25
DULCE,PARADA,003,35.85,0.83,0.58,0.17,0.25
INDIE,PELAYO,003,26.74,0.87,0.58,0.17,0.25
WAVERLY,PARKER,004,7.81,0.88,0.58,0.17,0.25
GIOVANNA,SALVADOR,002,30.45,0.86,0.58,0.17,0.25
MILEY,MAGDALENO,001,22.02,0.84,0.58,0.17,0.25
SAOIRSE,LEIVA,002,32.28,0.82,0.58,0.17,0.25
ESTRELLA,ASCENCIO,004,22.95,0.88,0.58,0.17,0.25
GRETA,ALVARENGA,005,36.52,0.83,0.58,0.17,0.25
ROSALIA,CONDE,001,28.04,0.9,0.58,0.17,0.25
MYLAH,SANTACRUZ,005,33.20,0.83,0.58,0.17,0.25
TERESA,MENCHACA,002,8.44,0.88,0.58,0.17,0.25
BRIDGET,URIAS,001,28.92,0.89,0.58,0.17,0.25
KELLY,CARO,004,31.57,0.9,0.58,0.17,0.25
ADALEE,TERAN,004,16.02,0.82,0.58,0.17,0.25
AUBRIE,MANZANO,002,37.74,0.8,0.58,0.17,0.25
LEA,OROSCO,001,24.33,0.81,0.58,0.17,0.25
HARLEE,VACA,006,24.45,0.85,0.58,0.17,0.25
ANIKA,ORDAZ,003,26.45,0.87,0.58,0.17,0.25
ITZAYANA,CASTELLON,003,29.13,0.87,0.58,0.17,0.25
HANA,QUEVEDO,003,26.03,0.85,0.58,0.17,0.25
KAISLEY,VILLALPANDO,001,30.01,0.85,0.58,0.17,0.25
MIKAELA,BIANCO,004,16.84,0.8,0.58,0.17,0.25
NAYA,GASPAR,003,21.67,0.88,0.58,0.17,0.25
AVALYNN,OLIVERA,003,30.23,0.81,0.58,0.17,0.25
MARGO,LOREDO,006,20.18,0.86,0.58,0.17,0.25
SEVYN,MANCILLA,004,16.96,0.83,0.58,0.17,0.25
FLORENCE,MELCHOR,003,29.08,0.81,0.58,0.17,0.25
KEILANI,MORIN,004,24.90,0.9,0.58,0.17,0.25
LYANNA,CASTANON,003,28.66,0.9,0.58,0.17,0.25
KATALEYA,IBANEZ,003,24.26,0.84,0.58,0.17,0.25
AVERI,FERREIRA,005,24.33,0.9,0.58,0.17,0.25
KALLIE,TAMEZ,004,33.35,0.88,0.58,0.17,0.25
WINNIE,ZAYAS,001,17.20,0.85,0.58,0.17,0.25
BAYLEE,MURPHY,002,5.56,0.85,0.58,0.17,0.25
MARTHA,KELLY,006,29.87,0.84,0.58,0.17,0.25
PEARL,OVALLE,004,22.17,0.87,0.58,0.17,0.25
ALAIYA,MONGE,001,17.80,0.89,0.58,0.17,0.25
RAYNE,FAVELA,001,32.13,0.83,0.58,0.17,0.25
SYLVIE,SAMANIEGO,002,32.72,0.85,0.58,0.17,0.25
BRYLEE,SERVIN,006,33.02,0.88,0.58,0.17,0.25
JAZMINE,PUENTES,002,28.93,0.85,0.58,0.17,0.25
RYANN,GRIEGO,005,31.68,0.8,0.58,0.17,0.25
NOEMI,ABREGO,006,7.61,0.88,0.58,0.17,0.25
HAYLEE,FRAUSTO,003,16.97,0.87,0.58,0.17,0.25
JULISSA,ARMIJO,002,23.90,0.85,0.58,0.17,0.25
CELIA,ORTA,005,22.34,0.87,0.58,0.17,0.25
LAYLAH,GARRIDO,001,26.37,0.85,0.58,0.17,0.25
REBEKAH,VANEGAS,005,36.51,0.89,0.58,0.17,0.25
ROSALEE,AMEZCUA,005,30.61,0.81,0.58,0.17,0.25
AYA,OSUNA,003,27.97,0.84,0.58,0.17,0.25
BRIA,CALDERA,001,16.47,0.87,0.58,0.17,0.25
ADELE,GRIJALVA,004,21.45,0.81,0.58,0.17,0.25
AUBRIELLE,TALAVERA,003,37.39,0.8,0.58,0.17,0.25
TIFFANY,GAITAN,006,29.48,0.86,0.58,0.17,0.25
ADDYSON,ZAMARRIPA,004,31.31,0.81,0.58,0.17,0.25
LEILANY,POSADA,004,21.78,0.86,0.58,0.17,0.25
PRINCESS,RESTREPO,006,20.41,0.82,0.58,0.17,0.25
CHANA,RICHARDSON,004,29.94,0.84,0.58,0.17,0.25
ESTELLE,CANDELARIA,006,32.42,0.8,0.58,0.17,0.25
SELENE,SALMERON,005,25.29,0.81,0.58,0.17,0.25
SKY,SANCHES,006,26.12,0.83,0.58,0.17,0.25
DANI,BAZAN,005,17.00,0.85,0.58,0.17,0.25
THALIA,PALACIO,004,25.77,0.89,0.58,0.17,0.25
ELLEN,SEVILLA,004,22.88,0.84,0.58,0.17,0.25
RIVKA,AVELAR,006,7.34,0.86,0.58,0.17,0.25
AMELIE,GURROLA,002,27.16,0.8,0.58,0.17,0.25
ANDI,TURCIOS,004,23.07,0.87,0.58,0.17,0.25
KYNLEE,QUESADA,005,23.79,0.8,0.58,0.17,0.25
RAINA,CASANOVA,002,4.28,0.83,0.58,0.17,0.25
VIENNA,MAESTAS,001,21.86,0.88,0.58,0.17,0.25
ALIANNA,LAGUNAS,004,21.94,0.9,0.58,0.17,0.25
LIVIA,BUENROSTRO,005,26.57,0.9,0.58,0.17,0.25
MADALYN,MIGUEL,002,28.84,0.85,0.58,0.17,0.25
MERCY,BOCANEGRA,005,26.40,0.81,0.58,0.17,0.25
NOVALEE,COOPER,005,21.14,0.86,0.58,0.17,0.25
RAMONA,PENALOZA,005,31.51,0.8,0.58,0.17,0.25
VADA,DELTORO,006,29.79,0.89,0.58,0.17,0.25
BERKLEY,OROPEZA,004,27.92,0.82,0.58,0.17,0.25
PERSEPHONE,ARAIZA,004,36.29,0.84,0.58,0.17,0.25
MILENA,PETERSON,003,7.10,0.9,0.58,0.17,0.25
PAULA,MONTEMAYOR,001,27.49,0.88,0.58,0.17,0.25
CLARE,MANZANARES,001,35.51,0.89,0.58,0.17,0.25
KAIRI,DESANTIAGO,006,22.99,0.82,0.58,0.17,0.25
LINDA,PINO,003,28.79,0.81,0.58,0.17,0.25
PAULINA,CARDOSO,004,31.94,0.8,0.58,0.17,0.25
KAMILAH,TENORIO,003,33.23,0.86,0.58,0.17,0.25
AMOURA,CORONEL,005,33.34,0.82,0.58,0.17,0.25
ISABELA,GALAN,002,22.97,0.87,0.58,0.17,0.25
KAREN,VERDUZCO,004,27.76,0.88,0.58,0.17,0.25
MARIANNA,PUGA,001,24.29,0.84,0.58,0.17,0.25
SARIYAH,DUQUE,006,30.83,0.84,0.58,0.17,0.25
THEODORA,PALOMO,001,23.14,0.89,0.58,0.17,0.25
ANNIKA,COOK,006,30.06,0.87,0.58,0.17,0.25
KYLEIGH,CASAREZ,003,31.37,0.86,0.58,0.17,0.25
NELLIE,ALEJANDRO,001,27.39,0.83,0.58,0.17,0.25
SCARLETTE,VERDUGO,005,30.93,0.84,0.58,0.17,0.25
KEYLA,PALOMARES,002,25.61,0.84,0.58,0.17,0.25
KAILEY,BARCENAS,004,7.16,0.85,0.58,0.17,0.25
MAVIS,MURO,001,19.53,0.84,0.58,0.17,0.25
LILIANNA,CARRIZALES,003,5.07,0.81,0.58,0.17,0.25
SARIAH,CARRASQUILLO,003,7.58,0.83,0.58,0.17,0.25
YARELI,ALEXANDER,002,28.42,0.82,0.58,0.17,0.25
AUBRIELLA,VELIZ,006,26.04,0.81,0.58,0.17,0.25
BEXLEY,RAYA,005,23.10,0.89,0.58,0.17,0.25
BAILEE,LUIS,006,23.43,0.83,0.58,0.17,0.25
JIANNA,VELARDE,003,21.05,0.83,0.58,0.17,0.25
KEILY,GASTELUM,001,7.74,0.8,0.58,0.17,0.25
ANNABELLA,GARDUNO,004,30.87,0.88,0.58,0.17,0.25
DENISSE,CARRENO,002,30.50,0.89,0.58,0.17,0.25
PROMISE,PASCUAL,002,29.25,0.85,0.58,0.17,0.25
HADLEE,BARELA,002,24.00,0.88,0.58,0.17,0.25
HALLE,DAVALOS,006,35.25,0.87,0.58,0.17,0.25
FALLON,WARD,004,34.00,0.81,0.58,0.17,0.25
OAKLEIGH,ARANGO,002,27.24,0.81,0.58,0.17,0.25
ZARIA,URRUTIA,002,18.86,0.9,0.58,0.17,0.25
JAYLIN,BAILEY,001,7.01,0.81,0.58,0.17,0.25
PAISLEIGH,PINON,003,29.07,0.82,0.58,0.17,0.25
CRYSTAL,PIZARRO,004,32.02,0.8,0.58,0.17,0.25
ILA,ROSS,003,30.52,0.8,0.58,0.17,0.25
ALIYA,ARRIOLA,004,37.58,0.84,0.58,0.17,0.25
CYNTHIA,SORTO,003,19.08,0.9,0.58,0.17,0.25
GIANA,RECINOS,002,29.30,0.85,0.58,0.17,0.25
MALEAH,HOWARD,001,37.62,0.89,0.58,0.17,0.25
ANIYA,BROOKS,001,23.06,0.86,0.58,0.17,0.25
DENISE,BEJARANO,003,21.92,0.85,0.58,0.17,0.25
EMMELINE,LEIJA,006,18.57,0.81,0.58,0.17,0.25
SCOUT,LOVATO,001,17.96,0.9,0.58,0.17,0.25
ZORA,BENNETT,005,28.83,0.89,0.58,0.17,0.25
MEGHAN,LAZARO,004,24.22,0.88,0.58,0.17,0.25
AINHOA,BARBOZA,002,23.75,0.86,0.58,0.17,0.25
LILYANA,QUILES,002,32.21,0.83,0.58,0.17,0.25
NOOR,MENESES,006,24.91,0.83,0.58,0.17,0.25
BELEN,ARREGUIN,004,21.90,0.88,0.58,0.17,0.25
BRYNLEIGH,ESCALERA,002,23.70,0.86,0.58,0.17,0.25
CLEO,REED,005,27.35,0.87,0.58,0.17,0.25
MEILANI,ANDINO,003,4.91,0.85,0.58,0.17,0.25
AMARIS,YEPEZ,001,20.97,0.85,0.58,0.17,0.25
FRIDA,LIZARRAGA,004,22.45,0.85,0.58,0.17,0.25
ILIANA,LANDAVERDE,003,35.97,0.86,0.58,0.17,0.25
VIOLETA,NUNO,001,6.70,0.81,0.58,0.17,0.25
ADDISYN,MACEDO,005,26.60,0.83,0.58,0.17,0.25
NANCY,BORREGO,001,17.13,0.89,0.58,0.17,0.25
BRAYLEE,TOBAR,002,31.41,0.86,0.58,0.17,0.25
KIANA,RAMIRES,001,39.23,0.85,0.58,0.17,0.25
WRENLEY,LANDA,004,25.23,0.83,0.58,0.17,0.25
BARBARA,MACHUCA,002,7.97,0.81,0.58,0.17,0.25
KHALANI,HERMOSILLO,003,26.57,0.9,0.58,0.17,0.25
ASPYN,COX,006,19.75,0.9,0.58,0.17,0.25
ELLISON,WATSON,003,31.97,0.88,0.58,0.17,0.25
JUDITH,LORA,006,23.85,0.9,0.58,0.17,0.25
VALERY,DELAFUENTE,001,32.93,0.81,0.58,0.17,0.25
AILA,ALBARRAN,005,38.56,0.89,0.58,0.17,0.25
DEBORAH,WOOD,001,32.26,0.85,0.58,0.17,0.25
CARA,IZAGUIRRE,003,21.18,0.84,0.58,0.17,0.25
CLARISSA,DIMAS,004,22.74,0.89,0.58,0.17,0.25
IYLA,CHAIREZ,006,30.78,0.86,0.58,0.17,0.25
LEXIE,FOSTER,001,26.10,0.81,0.58,0.17,0.25
ANAIS,GALAVIZ,005,28.53,0.84,0.58,0.17,0.25
KAYLIE,MICHEL,005,23.25,0.88,0.58,0.17,0.25
NATHALIE,GIRALDO,004,30.22,0.87,0.58,0.17,0.25
ALISSON,CASTREJON,001,20.07,0.86,0.58,0.17,0.25
ADDILYNN,CIFUENTES,003,26.12,0.8,0.58,0.17,0.25
ELSA,LUEVANO,003,23.80,0.9,0.58,0.17,0.25
ZOYA,MANDUJANO,002,33.45,0.89,0.58,0.17,0.25
MARLOWE,GRAY,005,20.24,0.9,0.58,0.17,0.25
JOVIE,CARPIO,006,23.91,0.89,0.58,0.17,0.25
KENIA,UMANA,004,23.30,0.8,0.58,0.17,0.25
SAMIRA,SANDERS,002,4.66,0.87,0.58,0.17,0.25
JAYLEE,PERRY,003,3.63,0.85,0.58,0.17,0.25
JENESIS,FABIAN,004,26.14,0.89,0.58,0.17,0.25
ETTA,OZUNA,001,32.53,0.8,0.58,0.17,0.25
SHAY,SARAVIA,003,24.33,0.86,0.58,0.17,0.25
AMAYAH,RIZO,002,29.22,0.8,0.58,0.17,0.25
AVAYAH,DELAO,003,22.90,0.82,0.58,0.17,0.25
EGYPT,HUGHES,003,36.06,0.82,0.58,0.17,0.25
FLORA,PABON,004,18.33,0.88,0.58,0.17,0.25
RAQUEL,BEDOLLA,004,6.54,0.89,0.58,0.17,0.25
WHITNEY,GUADARRAMA,001,30.48,0.84,0.58,0.17,0.25
ZOLA,RASCON,006,19.72,0.81,0.58,0.17,0.25
GIAVANNA,AGUERO,002,4.70,0.87,0.58,0.17,0.25
RAYA,NAZARIO,001,28.71,0.9,0.58,0.17,0.25
VEDA,COLIN,005,32.19,0.86,0.58,0.17,0.25
HALO,BOJORQUEZ,006,31.47,0.84,0.58,0.17,0.25
PALOMA,CATALAN,004,6.00,0.8,0.58,0.17,0.25
NATALY,COTTO,001,28.65,0.84,0.58,0.17,0.25
WHITLEY,MEDELLIN,002,29.61,0.86,0.58,0.17,0.25
DALARY,PINEDO,001,17.76,0.81,0.58,0.17,0.25
GUADALUPE,ARVIZU,003,23.53,0.81,0.58,0.17,0.25
ESPERANZA,CHAPARRO,001,27.98,0.82,0.58,0.17,0.25
LORETTA,LUCIANO,002,26.83,0.89,0.58,0.17,0.25
MALAYAH,TOSCANO,001,29.80,0.84,0.58,0.17,0.25
NATASHA,ENCARNACION,002,36.11,0.88,0.58,0.17,0.25
STORMI,SIMON,002,17.11,0.9,0.58,0.17,0.25
ANSLEY,DELCID,001,29.51,0.95,0.58,0.17,0.25
CAROLYN,FUNES,006,28.64,0.96,0.58,0.17,0.25
CORINNE,ALEGRIA,002,34.73,0.92,0.58,0.17,0.25
PAOLA,ALMAGUER,002,21.65,0.93,0.58,0.17,0.25
EMERALD,AVENDANO,006,20.32,0.97,0.58,0.17,0.25
FREYJA,GRIMALDO,003,16.19,0.98,0.58,0.17,0.25
ZAINAB,GUDINO,005,29.07,0.99,0.58,0.17,0.25
ARTEMIS,PAYAN,005,37.76,1,0.58,0.17,0.25
JILLIAN,OBREGON,005,29.08,0.95,0.58,0.17,0.25
KIMORA,IZQUIERDO,004,26.63,0.99,0.58,0.17,0.25
ZOIE,MONTESDEOCA,002,19.55,0.91,0.58,0.17,0.25
AISLINN,PERAZA,003,28.94,0.95,0.58,0.17,0.25
EMMALINE,ESQUEDA,005,36.64,0.99,0.58,0.17,0.25
AYLEEN,CLAUDIO,006,22.44,0.9,0.58,0.17,0.25
QUEEN,HENDERSON,004,26.33,0.92,0.58,0.17,0.25
JAYCEE,ORONA,006,24.03,0.99,0.58,0.17,0.25
NYOMI,HUIZAR,006,6.61,0.91,0.58,0.17,0.25
ELINA,ANTUNEZ,004,23.40,0.97,0.58,0.17,0.25
HADLEIGH,OLMEDO,001,24.98,0.96,0.58,0.17,0.25
MARCELINE,GARNICA,005,37.49,0.91,0.58,0.17,0.25
MARISOL,ROYBAL,001,38.68,0.97,0.58,0.17,0.25
YASMIN,RUSSELL,006,30.12,0.95,0.58,0.17,0.25
ZENDAYA,QUIROGA,004,29.67,0.94,0.58,0.17,0.25
EMANI,GARCES,001,29.46,0.99,0.58,0.17,0.25
JAELYNN,BELL,006,27.22,0.91,0.58,0.17,0.25
KAIYA,ALMEIDA,003,28.80,0.92,0.58,0.17,0.25
NATHALIA,BARCIA,004,7.00,0.95,0.58,0.17,0.25
VIOLETTE,LEOS,002,31.17,0.95,0.58,0.17,0.25
JOYCE,VILLEDA,001,18.22,0.93,0.58,0.17,0.25
PAITYN,SALGUERO,006,21.19,0.97,0.58,0.17,0.25
ELISABETH,ALEJO,001,21.67,0.96,0.58,0.17,0.25
EMMALYNN,ARAMBULA,002,31.36,0.9,0.58,0.17,0.25
LUELLA,GONSALEZ,004,29.99,0.91,0.58,0.17,0.25
YAMILETH,PALAFOX,005,38.40,0.9,0.58,0.17,0.25
AARYA,SULLIVAN,004,31.58,0.91,0.58,0.17,0.25
LUISA,BUSTILLOS,002,34.58,0.99,0.58,0.17,0.25
ZHURI,PRICE,005,3.76,0.98,0.58,0.17,0.25
ARACELI,ELIZALDE,001,24.11,0.97,0.58,0.17,0.25
HARLEIGH,MOREIRA,003,10.89,0.9,0.58,0.17,0.25
MADALYNN,CERNA,002,19.07,0.96,0.58,0.17,0.25
MELANI,VIRAMONTES,003,24.57,0.91,0.58,0.17,0.25
LAYLANI,GALDAMEZ,002,4.61,0.95,0.58,0.17,0.25
MAZIKEEN,OLIVER,006,25.53,0.99,0.58,0.17,0.25
BELLE,ANDERSON,003,22.48,0.98,0.58,0.17,0.25
